image,electron,muon,pion,kaon,proton
0,0,0.2,0.19,0.19,0.21
1,0.21,0,0,0,0
2,0,0.23,0.09,0.21,0.25
3,0.22,0,0,0,0
4,0,0.21,0.09,0.26,0.22
5,0.22,0,0,0,0
6,0,0.13,0.37,0.14,0.17
7,0.18,0,0,0,0
8,0,0.24,0.02,0.22,0.3
9,0.21,0,0,0,0
10,0,0.06,0,0.2,0.47
11,0.27,0,0,0,0
12,0,0.24,0.16,0.19,0.21
13,0.2,0,0,0,0
14,0,0,0,0.3,0.17
15,0.54,0,0,0,0
16,0,0.17,0.02,0.25,0.31
17,0.26,0,0,0,0
18,0,0.94,0,0.02,0.03
19,0.01,0,0,0,0
20,0,0.25,0.08,0.2,0.23
21,0.24,0,0,0,0
22,0,0.2,0.19,0.19,0.21
23,0.21,0,0,0,0
24,0,0.2,0.19,0.19,0.21
25,0.21,0,0,0,0
26,0,0.2,0.19,0.19,0.21
27,0.21,0,0,0,0
28,0,0.7,0,0.07,0.17
29,0.06,0,0,0,0
30,0,0.19,0.04,0.24,0.28
31,0.25,0,0,0,0
32,0,0.2,0.19,0.19,0.21
33,0.21,0,0,0,0
34,0,0.16,0.22,0.21,0.2
35,0.21,0,0,0,0
36,0,0.2,0.19,0.19,0.21
37,0.21,0,0,0,0
38,0,0.3,0.01,0.21,0.22
39,0.27,0,0,0,0
40,0,0.13,0.01,0.36,0.25
41,0.25,0,0,0,0
42,0,0.2,0.19,0.19,0.21
43,0.21,0,0,0,0
44,0,0.2,0.19,0.19,0.21
45,0.21,0,0,0,0
46,0,0,0,0.15,0.14
47,0.71,0,0,0,0
48,0,0.21,0.16,0.2,0.22
49,0.21,0,0,0,0
50,0,0.09,0,0.23,0.47
51,0.21,0,0,0,0
52,0,0.2,0.19,0.19,0.21
53,0.21,0,0,0,0
54,0,0.2,0.19,0.19,0.21
55,0.21,0,0,0,0
56,0,0.2,0.19,0.19,0.21
57,0.21,0,0,0,0
58,0,0.51,0.01,0.15,0.18
59,0.15,0,0,0,0
60,0,0.2,0.09,0.22,0.25
61,0.24,0,0,0,0
62,0,0.33,0,0.16,0.43
63,0.08,0,0,0,0
64,0,0,0,0.37,0.32
65,0.31,0,0,0,0
66,0,0,0,0.37,0.23
67,0.4,0,0,0,0
68,0,0.2,0.19,0.19,0.21
69,0.21,0,0,0,0
70,0,0.2,0.24,0.18,0.19
71,0.19,0,0,0,0
72,0,0.28,0.05,0.22,0.23
73,0.22,0,0,0,0
74,0,0.12,0,0.25,0.35
75,0.27,0,0,0,0
76,0,0.28,0.02,0.2,0.27
77,0.23,0,0,0,0
78,0,0.09,0,0.23,0.47
79,0.21,0,0,0,0
80,0,0.38,0,0.19,0.23
81,0.19,0,0,0,0
82,0,0.23,0,0.18,0.49
83,0.1,0,0,0,0
84,0,0.28,0.02,0.2,0.27
85,0.23,0,0,0,0
86,0,0.2,0.19,0.19,0.21
87,0.21,0,0,0,0
88,0,0.22,0.09,0.19,0.25
89,0.26,0,0,0,0
90,0,0.2,0.19,0.19,0.21
91,0.21,0,0,0,0
92,0,0.2,0.19,0.19,0.21
93,0.21,0,0,0,0
94,0,0.87,0,0.04,0.06
95,0.03,0,0,0,0
96,0,0.2,0.24,0.18,0.19
97,0.19,0,0,0,0
98,0,0.11,0,0.25,0.36
99,0.27,0,0,0,0
100,0,0.2,0.07,0.23,0.26
101,0.24,0,0,0,0
102,0,0.2,0.19,0.19,0.21
103,0.21,0,0,0,0
104,0,0.09,0.31,0.24,0.17
105,0.19,0,0,0,0
106,0,0.17,0.16,0.2,0.21
107,0.25,0,0,0,0
108,0,0.2,0.23,0.18,0.19
109,0.2,0,0,0,0
110,0,0,0,0.11,0.06
111,0.83,0,0,0,0
112,0,0,0,0.28,0.25
113,0.47,0,0,0,0
114,0,0.2,0.19,0.19,0.21
115,0.21,0,0,0,0
116,0,0.11,0,0.25,0.37
117,0.27,0,0,0,0
118,0,0.03,0,0.24,0.49
119,0.24,0,0,0,0
120,0,0.28,0,0.24,0.2
121,0.28,0,0,0,0
122,0,0.2,0.24,0.18,0.19
123,0.19,0,0,0,0
124,0,0.2,0.19,0.19,0.21
125,0.21,0,0,0,0
126,0,0.2,0.19,0.19,0.21
127,0.21,0,0,0,0
128,0,0.01,0,0.25,0.48
129,0.27,0,0,0,0
130,0,0.35,0.13,0.17,0.18
131,0.17,0,0,0,0
132,0,0.2,0.19,0.19,0.21
133,0.21,0,0,0,0
134,0,0.2,0.19,0.19,0.21
135,0.21,0,0,0,0
136,0,0.32,0,0.24,0.27
137,0.18,0,0,0,0
138,0,0.2,0.19,0.19,0.21
139,0.21,0,0,0,0
140,0,0.19,0.19,0.18,0.22
141,0.23,0,0,0,0
142,0,0.2,0.01,0.26,0.32
143,0.21,0,0,0,0
144,0,0.2,0.19,0.19,0.21
145,0.21,0,0,0,0
146,0,0.2,0.19,0.19,0.21
147,0.21,0,0,0,0
148,0,0.05,0,0.32,0.3
149,0.33,0,0,0,0
150,0,0.06,0.66,0.07,0.1
151,0.11,0,0,0,0
152,0,0.2,0.19,0.19,0.21
153,0.21,0,0,0,0
154,0,0.15,0.01,0.25,0.32
155,0.27,0,0,0,0
156,0,0.52,0,0.07,0.26
157,0.14,0,0,0,0
158,0,0.23,0,0.25,0.3
159,0.23,0,0,0,0
160,0,0.2,0.19,0.19,0.21
161,0.21,0,0,0,0
162,0,0.3,0.08,0.25,0.22
163,0.15,0,0,0,0
164,0,0.23,0,0.19,0.32
165,0.27,0,0,0,0
166,0,0.2,0.19,0.19,0.21
167,0.21,0,0,0,0
168,0,0.08,0.57,0.09,0.13
169,0.12,0,0,0,0
170,0,0.17,0.46,0.11,0.11
171,0.15,0,0,0,0
172,0,0,0,0.08,0.06
173,0.86,0,0,0,0
174,0,0.36,0,0.15,0.39
175,0.1,0,0,0,0
176,0,0.18,0,0.01,0.81
177,0,0,0,0,0
178,0,0.2,0,0.1,0.43
179,0.27,0,0,0,0
180,0,0.15,0.01,0.25,0.32
181,0.27,0,0,0,0
182,0,0.2,0.19,0.19,0.21
183,0.21,0,0,0,0
184,0,0.03,0,0.21,0.58
185,0.18,0,0,0,0
186,0,0.39,0,0.17,0.24
187,0.2,0,0,0,0
188,0,0.2,0.19,0.19,0.21
189,0.21,0,0,0,0
190,0,0.44,0.01,0.16,0.18
191,0.21,0,0,0,0
192,0,0.2,0.19,0.19,0.21
193,0.21,0,0,0,0
194,0,0.24,0,0.21,0.38
195,0.16,0,0,0,0
196,0,0.03,0.03,0.17,0.15
197,0.63,0,0,0,0
198,0,0.26,0,0.15,0.52
199,0.08,0,0,0,0
200,0,0.2,0.19,0.19,0.21
201,0.21,0,0,0,0
202,0,0.13,0.38,0.14,0.17
203,0.19,0,0,0,0
204,0,0.03,0,0.21,0.55
205,0.2,0,0,0,0
206,0,0.45,0,0.15,0.25
207,0.16,0,0,0,0
208,0,0.07,0,0.23,0.41
209,0.3,0,0,0,0
210,0,0.25,0.07,0.2,0.23
211,0.24,0,0,0,0
212,0,0.07,0,0.25,0.41
213,0.26,0,0,0,0
214,0,0.35,0.08,0.19,0.21
215,0.17,0,0,0,0
216,0,0.2,0.12,0.21,0.24
217,0.23,0,0,0,0
218,0,0,0,0.11,0.07
219,0.82,0,0,0,0
220,0,0.2,0.19,0.19,0.21
221,0.21,0,0,0,0
222,0,0.34,0,0.12,0.31
223,0.23,0,0,0,0
224,0,0.2,0.19,0.19,0.21
225,0.21,0,0,0,0
226,0,0.22,0.14,0.2,0.23
227,0.21,0,0,0,0
228,0,0.26,0.02,0.2,0.27
229,0.25,0,0,0,0
230,0,0.23,0.07,0.22,0.27
231,0.22,0,0,0,0
232,0,0.25,0.01,0.21,0.28
233,0.25,0,0,0,0
234,0,0.28,0.18,0.17,0.17
235,0.2,0,0,0,0
236,0,0.9,0,0.03,0.05
237,0.02,0,0,0,0
238,0,0.2,0.27,0.17,0.17
239,0.19,0,0,0,0
240,0,0.04,0,0.28,0.43
241,0.26,0,0,0,0
242,0,0,0,0.24,0.19
243,0.58,0,0,0,0
244,0,0.2,0.19,0.19,0.21
245,0.21,0,0,0,0
246,0,0.2,0.19,0.19,0.21
247,0.21,0,0,0,0
248,0,0.2,0.19,0.19,0.21
249,0.21,0,0,0,0
250,0,0.49,0.03,0.14,0.16
251,0.18,0,0,0,0
252,0,0.2,0.19,0.19,0.21
253,0.21,0,0,0,0
254,0,0.28,0.06,0.22,0.23
255,0.22,0,0,0,0
256,0,0.2,0.19,0.19,0.21
257,0.21,0,0,0,0
258,0,0.54,0,0.08,0.24
259,0.13,0,0,0,0
260,0,0.2,0.19,0.19,0.21
261,0.21,0,0,0,0
262,0,0.01,0,0.2,0.57
263,0.22,0,0,0,0
264,0,0,0,0.07,0.05
265,0.88,0,0,0,0
266,0,0.2,0.19,0.19,0.21
267,0.21,0,0,0,0
268,0,0.2,0.19,0.19,0.21
269,0.21,0,0,0,0
270,0,0.06,0,0.2,0.58
271,0.16,0,0,0,0
272,0,0.19,0.32,0.15,0.15
273,0.18,0,0,0,0
274,0,0.03,0.81,0.04,0.06
275,0.07,0,0,0,0
276,0,0.17,0,0.16,0.12
277,0.55,0,0,0,0
278,0,0.11,0,0.25,0.36
279,0.27,0,0,0,0
280,0,0.24,0,0.22,0.37
281,0.17,0,0,0,0
282,0,0.2,0.19,0.19,0.21
283,0.21,0,0,0,0
284,0,0.18,0.03,0.24,0.29
285,0.26,0,0,0,0
286,0,0.34,0,0.16,0.22
287,0.27,0,0,0,0
288,0,0.2,0.19,0.19,0.21
289,0.21,0,0,0,0
290,0,0.2,0.19,0.19,0.21
291,0.21,0,0,0,0
292,0,0.2,0.19,0.19,0.21
293,0.21,0,0,0,0
294,0,0,0,0.32,0.55
295,0.13,0,0,0,0
296,0,0.12,0,0.25,0.36
297,0.27,0,0,0,0
298,0,0.11,0,0.25,0.36
299,0.27,0,0,0,0
300,0,0.2,0.19,0.19,0.21
301,0.21,0,0,0,0
302,0,0.22,0,0.26,0.34
303,0.19,0,0,0,0
304,0,0.14,0.37,0.14,0.18
305,0.17,0,0,0,0
306,0,0.2,0.19,0.19,0.21
307,0.21,0,0,0,0
308,0,0.09,0.55,0.1,0.13
309,0.14,0,0,0,0
310,0,0.25,0,0.11,0.41
311,0.23,0,0,0,0
312,0,0.01,0,0.64,0.08
313,0.28,0,0,0,0
314,0,0.21,0.19,0.19,0.2
315,0.21,0,0,0,0
316,0,0.19,0.32,0.15,0.15
317,0.18,0,0,0,0
318,0,0.2,0.07,0.23,0.26
319,0.24,0,0,0,0
320,0,0.2,0.19,0.19,0.21
321,0.21,0,0,0,0
322,0,0.97,0,0.01,0.01
323,0,0,0,0,0
324,0,0.2,0.19,0.19,0.21
325,0.21,0,0,0,0
326,0,0.17,0.37,0.15,0.16
327,0.15,0,0,0,0
328,0,0.2,0.19,0.19,0.21
329,0.21,0,0,0,0
330,0,0.2,0.19,0.19,0.21
331,0.21,0,0,0,0
332,0,0.29,0.13,0.18,0.19
333,0.22,0,0,0,0
334,0,0.2,0.19,0.19,0.21
335,0.21,0,0,0,0
336,0,0.2,0.19,0.19,0.21
337,0.21,0,0,0,0
338,0,0.12,0,0.15,0.42
339,0.31,0,0,0,0
340,0,0.02,0.52,0.25,0.09
341,0.13,0,0,0,0
342,0,0.2,0.12,0.21,0.24
343,0.23,0,0,0,0
344,0,0.29,0.07,0.2,0.24
345,0.2,0,0,0,0
346,0,0,0.96,0.01,0.01
347,0.01,0,0,0,0
348,0,0.2,0.19,0.19,0.21
349,0.21,0,0,0,0
350,0,0.2,0.19,0.19,0.21
351,0.21,0,0,0,0
352,0,0.2,0.19,0.19,0.21
353,0.21,0,0,0,0
354,0,0.2,0.18,0.19,0.21
355,0.21,0,0,0,0
356,0,0.2,0.19,0.19,0.21
357,0.21,0,0,0,0
358,0,0.59,0,0.12,0.18
359,0.11,0,0,0,0
360,0,0.2,0.19,0.19,0.21
361,0.21,0,0,0,0
362,0,0.2,0.19,0.19,0.21
363,0.21,0,0,0,0
364,0,0.2,0.19,0.19,0.21
365,0.21,0,0,0,0
366,0,0.19,0.23,0.18,0.2
367,0.2,0,0,0,0
368,0,0.2,0.19,0.19,0.21
369,0.21,0,0,0,0
370,0,0.29,0,0.22,0.19
371,0.3,0,0,0,0
372,0,0.39,0.1,0.15,0.16
373,0.2,0,0,0,0
374,0,0.25,0.07,0.21,0.23
375,0.24,0,0,0,0
376,0,0.19,0,0.22,0.37
377,0.21,0,0,0,0
378,0,0.25,0.01,0.22,0.34
379,0.19,0,0,0,0
380,0,0.2,0.19,0.19,0.21
381,0.21,0,0,0,0
382,0,0.08,0,0.25,0.4
383,0.27,0,0,0,0
384,0,0.36,0.01,0.22,0.22
385,0.2,0,0,0,0
386,0,0.06,0.25,0.16,0.16
387,0.37,0,0,0,0
388,0,0.2,0.19,0.19,0.21
389,0.21,0,0,0,0
390,0,0.42,0,0.15,0.32
391,0.12,0,0,0,0
392,0,0.27,0.06,0.22,0.23
393,0.22,0,0,0,0
394,0,0.2,0.27,0.17,0.17
395,0.19,0,0,0,0
396,0,0.05,0.36,0.26,0.14
397,0.18,0,0,0,0
398,0,0.18,0,0.16,0.08
399,0.58,0,0,0,0
400,0,0.16,0.03,0.28,0.23
401,0.3,0,0,0,0
402,0,0.12,0.65,0.05,0.12
403,0.06,0,0,0,0
404,0,0.23,0.09,0.21,0.25
405,0.22,0,0,0,0
406,0,0.2,0.19,0.19,0.21
407,0.21,0,0,0,0
408,0,0.34,0.07,0.16,0.24
409,0.18,0,0,0,0
410,0,0.6,0,0.12,0.22
411,0.06,0,0,0,0
412,0,0.27,0.05,0.2,0.26
413,0.22,0,0,0,0
414,0,0.2,0.19,0.19,0.21
415,0.21,0,0,0,0
416,0,0.16,0.31,0.17,0.18
417,0.17,0,0,0,0
418,0,0.2,0.19,0.19,0.21
419,0.21,0,0,0,0
420,0,0.36,0.01,0.21,0.21
421,0.2,0,0,0,0
422,0,0.2,0.19,0.19,0.21
423,0.21,0,0,0,0
424,0,0.2,0.19,0.19,0.21
425,0.21,0,0,0,0
426,0,0.22,0.05,0.23,0.28
427,0.23,0,0,0,0
428,0,0.23,0.1,0.2,0.24
429,0.23,0,0,0,0
430,0,0.35,0,0.08,0.33
431,0.23,0,0,0,0
432,0,0.01,0.62,0.23,0.05
433,0.09,0,0,0,0
434,0,0.27,0.05,0.21,0.23
435,0.24,0,0,0,0
436,0,0.5,0,0.19,0.14
437,0.17,0,0,0,0
438,0,0.33,0.02,0.18,0.27
439,0.2,0,0,0,0
440,0,0.45,0.01,0.16,0.2
441,0.16,0,0,0,0
442,0,0.29,0.04,0.22,0.23
443,0.22,0,0,0,0
444,0,0.2,0.19,0.19,0.21
445,0.21,0,0,0,0
446,0,0.25,0.15,0.19,0.21
447,0.2,0,0,0,0
448,0,0.2,0.19,0.19,0.21
449,0.21,0,0,0,0
450,0,0.2,0.19,0.19,0.21
451,0.21,0,0,0,0
452,0,0.2,0.19,0.19,0.21
453,0.21,0,0,0,0
454,0,0.19,0.2,0.2,0.21
455,0.21,0,0,0,0
456,0,0.2,0.19,0.19,0.21
457,0.21,0,0,0,0
458,0,0.29,0.02,0.21,0.22
459,0.27,0,0,0,0
460,0,0.05,0,0.2,0.52
461,0.23,0,0,0,0
462,0,0.3,0.02,0.21,0.25
463,0.22,0,0,0,0
464,0,0.2,0.19,0.19,0.21
465,0.21,0,0,0,0
466,0,0.2,0.19,0.19,0.21
467,0.21,0,0,0,0
468,0,0.25,0.01,0.22,0.33
469,0.19,0,0,0,0
470,0,0.18,0.09,0.16,0.29
471,0.28,0,0,0,0
472,0,0,0,0.06,0.03
473,0.91,0,0,0,0
474,0,0.89,0,0.02,0.02
475,0.07,0,0,0,0
476,0,0.45,0,0.22,0.17
477,0.16,0,0,0,0
478,0,0.2,0.19,0.19,0.21
479,0.21,0,0,0,0
480,0,0.31,0.11,0.19,0.21
481,0.18,0,0,0,0
482,0,0.22,0.1,0.16,0.3
483,0.21,0,0,0,0
484,0,0.47,0,0.15,0.23
485,0.15,0,0,0,0
486,0,0.2,0.19,0.19,0.21
487,0.21,0,0,0,0
488,0,0.32,0,0.15,0.3
489,0.24,0,0,0,0
490,0,0.15,0,0.2,0.4
491,0.25,0,0,0,0
492,0,0.14,0.59,0.08,0.07
493,0.12,0,0,0,0
494,0,0.2,0.19,0.19,0.21
495,0.21,0,0,0,0
496,0,0.2,0.24,0.18,0.19
497,0.19,0,0,0,0
498,0,0.2,0.19,0.19,0.21
499,0.21,0,0,0,0
500,0,0.2,0.19,0.19,0.21
501,0.21,0,0,0,0
502,0,0.16,0.01,0.25,0.32
503,0.27,0,0,0,0
504,0,0.3,0.06,0.19,0.23
505,0.21,0,0,0,0
506,0,0.01,0,0.15,0.68
507,0.16,0,0,0,0
508,0,0.24,0,0.22,0.36
509,0.17,0,0,0,0
510,0,0.22,0.14,0.2,0.23
511,0.21,0,0,0,0
512,0,0.16,0.23,0.21,0.2
513,0.21,0,0,0,0
514,0,0.2,0.19,0.19,0.21
515,0.21,0,0,0,0
516,0,0.2,0.19,0.19,0.21
517,0.21,0,0,0,0
518,0,0,0,0.2,0.51
519,0.29,0,0,0,0
520,0,0.02,0.66,0.1,0.1
521,0.12,0,0,0,0
522,0,0.2,0.19,0.19,0.21
523,0.21,0,0,0,0
524,0,0,0,0.31,0.12
525,0.57,0,0,0,0
526,0,0.3,0.03,0.22,0.23
527,0.22,0,0,0,0
528,0,0.09,0,0.23,0.47
529,0.21,0,0,0,0
530,0,0.2,0.19,0.19,0.21
531,0.21,0,0,0,0
532,0,0.36,0,0.17,0.31
533,0.16,0,0,0,0
534,0,0.06,0,0.25,0.42
535,0.26,0,0,0,0
536,0,0.02,0.86,0.03,0.05
537,0.04,0,0,0,0
538,0,0,0.08,0.17,0.36
539,0.39,0,0,0,0
540,0,0.08,0,0.2,0.48
541,0.24,0,0,0,0
542,0,0.2,0.19,0.19,0.21
543,0.21,0,0,0,0
544,0,0.15,0.01,0.25,0.32
545,0.27,0,0,0,0
546,0,0,0,0.2,0.41
547,0.39,0,0,0,0
548,0,0.19,0.05,0.23,0.27
549,0.25,0,0,0,0
550,0,0.17,0.02,0.25,0.31
551,0.26,0,0,0,0
552,0,0.17,0.15,0.14,0.26
553,0.27,0,0,0,0
554,0,0.3,0.03,0.21,0.24
555,0.22,0,0,0,0
556,0,0.2,0,0.08,0.55
557,0.16,0,0,0,0
558,0,0.01,0,0.19,0.61
559,0.19,0,0,0,0
560,0,0.17,0.23,0.19,0.2
561,0.21,0,0,0,0
562,0,0.16,0.02,0.27,0.23
563,0.33,0,0,0,0
564,0,0.31,0.11,0.19,0.21
565,0.18,0,0,0,0
566,0,0.36,0,0.17,0.27
567,0.2,0,0,0,0
568,0,0.2,0.19,0.19,0.21
569,0.21,0,0,0,0
570,0,0.41,0,0.15,0.29
571,0.15,0,0,0,0
572,0,0,0,0.38,0.1
573,0.52,0,0,0,0
574,0,0.2,0.19,0.19,0.21
575,0.21,0,0,0,0
576,0,0,0.05,0.43,0.33
577,0.19,0,0,0,0
578,0,0,0,0.1,0.03
579,0.86,0,0,0,0
580,0,0.2,0.19,0.19,0.21
581,0.21,0,0,0,0
582,0,0.2,0.19,0.19,0.21
583,0.21,0,0,0,0
584,0,0.2,0.09,0.22,0.25
585,0.24,0,0,0,0
586,0,0.01,0.06,0.59,0.1
587,0.23,0,0,0,0
588,0,0.01,0,0.18,0.14
589,0.68,0,0,0,0
590,0,0.2,0.19,0.19,0.21
591,0.21,0,0,0,0
592,0,0.56,0,0.13,0.18
593,0.14,0,0,0,0
594,0,0.66,0,0.15,0.15
595,0.04,0,0,0,0
596,0,0.21,0.16,0.2,0.22
597,0.21,0,0,0,0
598,0,0.04,0,0.24,0.46
599,0.25,0,0,0,0
600,0,0.2,0.19,0.19,0.21
601,0.21,0,0,0,0
602,0,0.08,0,0.15,0.14
603,0.63,0,0,0,0
604,0,0.14,0.57,0.09,0.08
605,0.12,0,0,0,0
606,0,0.06,0.66,0.07,0.1
607,0.11,0,0,0,0
608,0,0.2,0.19,0.19,0.21
609,0.21,0,0,0,0
610,0,0.19,0.35,0.14,0.14
611,0.17,0,0,0,0
612,0,0.23,0.39,0.11,0.11
613,0.16,0,0,0,0
614,0,0.47,0,0.16,0.21
615,0.17,0,0,0,0
616,0,0.08,0.47,0.13,0.13
617,0.19,0,0,0,0
618,0,0.2,0.19,0.19,0.21
619,0.21,0,0,0,0
620,0,0.2,0.19,0.19,0.21
621,0.21,0,0,0,0
622,0,0,0.79,0.09,0.08
623,0.05,0,0,0,0
624,0,0.07,0.2,0.12,0.3
625,0.31,0,0,0,0
626,0,0.16,0.01,0.25,0.34
627,0.25,0,0,0,0
628,0,0.25,0.15,0.19,0.21
629,0.2,0,0,0,0
630,0,0.04,0,0.24,0.46
631,0.25,0,0,0,0
632,0,0.18,0.41,0.13,0.12
633,0.16,0,0,0,0
634,0,0.01,0.74,0.12,0.06
635,0.08,0,0,0,0
636,0,0.24,0,0.22,0.36
637,0.18,0,0,0,0
638,0,0.09,0.52,0.11,0.14
639,0.15,0,0,0,0
640,0,0.2,0.19,0.19,0.21
641,0.21,0,0,0,0
642,0,0.25,0,0.18,0.46
643,0.11,0,0,0,0
644,0,0.2,0.19,0.19,0.21
645,0.21,0,0,0,0
646,0,0.2,0.19,0.19,0.21
647,0.21,0,0,0,0
648,0,0.23,0.07,0.22,0.26
649,0.22,0,0,0,0
650,0,0.28,0.02,0.22,0.27
651,0.21,0,0,0,0
652,0,0.51,0,0.18,0.17
653,0.14,0,0,0,0
654,0,0.23,0.09,0.21,0.25
655,0.22,0,0,0,0
656,0,0,0,0.11,0.86
657,0.03,0,0,0,0
658,0,0,0,0.55,0.29
659,0.15,0,0,0,0
660,0,0.15,0.01,0.25,0.32
661,0.27,0,0,0,0
662,0,0,0,0.27,0.18
663,0.55,0,0,0,0
664,0,0.04,0,0.24,0.47
665,0.25,0,0,0,0
666,0,0.2,0.19,0.19,0.21
667,0.21,0,0,0,0
668,0,0.2,0.19,0.19,0.21
669,0.21,0,0,0,0
670,0,0.24,0.02,0.22,0.3
671,0.21,0,0,0,0
672,0,0,0,0.17,0.09
673,0.74,0,0,0,0
674,0,0.12,0.28,0.22,0.18
675,0.2,0,0,0,0
676,0,0.2,0.09,0.22,0.25
677,0.24,0,0,0,0
678,0,0.2,0.19,0.19,0.21
679,0.21,0,0,0,0
680,0,0.91,0,0.02,0.05
681,0.02,0,0,0,0
682,0,0.2,0.19,0.19,0.21
683,0.21,0,0,0,0
684,0,0.2,0.19,0.19,0.21
685,0.21,0,0,0,0
686,0,0.39,0,0.14,0.37
687,0.1,0,0,0,0
688,0,0.2,0.19,0.19,0.21
689,0.21,0,0,0,0
690,0,0.13,0,0.25,0.34
691,0.27,0,0,0,0
692,0,0.2,0.19,0.19,0.21
693,0.21,0,0,0,0
694,0,0.3,0.06,0.19,0.23
695,0.21,0,0,0,0
696,0,0.23,0.18,0.18,0.19
697,0.21,0,0,0,0
698,0,0.2,0.19,0.19,0.21
699,0.21,0,0,0,0
700,0,0.15,0.01,0.25,0.33
701,0.27,0,0,0,0
702,0,0.2,0.19,0.19,0.21
703,0.21,0,0,0,0
704,0,0.15,0,0.14,0.48
705,0.23,0,0,0,0
706,0,0.74,0,0.06,0.17
707,0.03,0,0,0,0
708,0,0.01,0,0.23,0.45
709,0.32,0,0,0,0
710,0,0.2,0.19,0.19,0.21
711,0.21,0,0,0,0
712,0,0.12,0,0.24,0.4
713,0.24,0,0,0,0
714,0,0.2,0.19,0.19,0.21
715,0.21,0,0,0,0
716,0,0.1,0,0.25,0.38
717,0.27,0,0,0,0
718,0,0.28,0.03,0.21,0.23
719,0.25,0,0,0,0
720,0,0.13,0.02,0.3,0.19
721,0.37,0,0,0,0
722,0,0.21,0.17,0.2,0.21
723,0.21,0,0,0,0
724,0,0,0,0.21,0.75
725,0.05,0,0,0,0
726,0,0.8,0,0.06,0.09
727,0.05,0,0,0,0
728,0,0.2,0.19,0.19,0.21
729,0.21,0,0,0,0
730,0,0.33,0,0.13,0.31
731,0.22,0,0,0,0
732,0,0.02,0.89,0.02,0.04
733,0.03,0,0,0,0
734,0,0.2,0.19,0.19,0.21
735,0.21,0,0,0,0
736,0,0.26,0.06,0.21,0.24
737,0.23,0,0,0,0
738,0,0.2,0.19,0.19,0.21
739,0.21,0,0,0,0
740,0,0.2,0.19,0.19,0.21
741,0.21,0,0,0,0
742,0,0.19,0.2,0.2,0.21
743,0.21,0,0,0,0
744,0,0.02,0,0.15,0.14
745,0.7,0,0,0,0
746,0,0.02,0,0.22,0.57
747,0.19,0,0,0,0
748,0,0.02,0.49,0.25,0.09
749,0.14,0,0,0,0
750,0,0.14,0,0.38,0.19
751,0.29,0,0,0,0
752,0,0.2,0.19,0.19,0.21
753,0.21,0,0,0,0
754,0,0.18,0.03,0.24,0.29
755,0.26,0,0,0,0
756,0,0.14,0.06,0.22,0.3
757,0.28,0,0,0,0
758,0,0.2,0.19,0.19,0.21
759,0.21,0,0,0,0
760,0,0.14,0.57,0.09,0.08
761,0.12,0,0,0,0
762,0,0,0.96,0.01,0.02
763,0.01,0,0,0,0
764,0,0.2,0.19,0.19,0.21
765,0.21,0,0,0,0
766,0,0.25,0.01,0.17,0.32
767,0.24,0,0,0,0
768,0,0.17,0.02,0.24,0.3
769,0.26,0,0,0,0
770,0,0.2,0.19,0.19,0.21
771,0.21,0,0,0,0
772,0,0.22,0.1,0.19,0.24
773,0.24,0,0,0,0
774,0,0.07,0,0.21,0.57
775,0.14,0,0,0,0
776,0,0.02,0.86,0.03,0.04
777,0.05,0,0,0,0
778,0,0.27,0.07,0.22,0.23
779,0.22,0,0,0,0
780,0,0,0,0.33,0.21
781,0.45,0,0,0,0
782,0,0.2,0.19,0.19,0.21
783,0.21,0,0,0,0
784,0,0.21,0.01,0.24,0.31
785,0.23,0,0,0,0
786,0,0.03,0,0.24,0.15
787,0.59,0,0,0,0
788,0,0.33,0.01,0.19,0.28
789,0.19,0,0,0,0
790,0,0.2,0.19,0.19,0.21
791,0.21,0,0,0,0
792,0,0.13,0.26,0.22,0.19
793,0.2,0,0,0,0
794,0,0.14,0.3,0.17,0.18
795,0.21,0,0,0,0
796,0,0.02,0.86,0.03,0.05
797,0.04,0,0,0,0
798,0,0,0,0.3,0.08
799,0.62,0,0,0,0
800,0,0.3,0.03,0.2,0.23
801,0.24,0,0,0,0
802,0,0.32,0.09,0.19,0.19
803,0.22,0,0,0,0
804,0,0.01,0,0.18,0.09
805,0.72,0,0,0,0
806,0,0,0,0.25,0.22
807,0.54,0,0,0,0
808,0,0.2,0.19,0.19,0.21
809,0.21,0,0,0,0
810,0,0.27,0,0.21,0.33
811,0.18,0,0,0,0
812,0,0.08,0.59,0.09,0.13
813,0.11,0,0,0,0
814,0,0.29,0.05,0.22,0.23
815,0.22,0,0,0,0
816,0,0.02,0,0.22,0.53
817,0.23,0,0,0,0
818,0,0,0,0.06,0.08
819,0.87,0,0,0,0
820,0,0.2,0.19,0.19,0.21
821,0.21,0,0,0,0
822,0,0.2,0.19,0.19,0.21
823,0.21,0,0,0,0
824,0,0.43,0.05,0.17,0.19
825,0.15,0,0,0,0
826,0,0.2,0.19,0.19,0.21
827,0.21,0,0,0,0
828,0,0.2,0.19,0.19,0.21
829,0.21,0,0,0,0
830,0,0.05,0,0.19,0.59
831,0.17,0,0,0,0
832,0,0.19,0.22,0.18,0.2
833,0.2,0,0,0,0
834,0,0.94,0,0.02,0.03
835,0.01,0,0,0,0
836,0,0.23,0.13,0.2,0.22
837,0.22,0,0,0,0
838,0,0.2,0.19,0.19,0.21
839,0.21,0,0,0,0
840,0,0.24,0,0.21,0.4
841,0.15,0,0,0,0
842,0,0.2,0.19,0.19,0.21
843,0.21,0,0,0,0
844,0,0.21,0.16,0.2,0.22
845,0.22,0,0,0,0
846,0,0.2,0.19,0.19,0.21
847,0.21,0,0,0,0
848,0,0.2,0.19,0.19,0.21
849,0.21,0,0,0,0
850,0,0.2,0.19,0.19,0.21
851,0.21,0,0,0,0
852,0,0.2,0.19,0.19,0.21
853,0.21,0,0,0,0
854,0,0.2,0.19,0.19,0.21
855,0.21,0,0,0,0
856,0,0.2,0.19,0.19,0.21
857,0.21,0,0,0,0
858,0,0.25,0.06,0.21,0.25
859,0.24,0,0,0,0
860,0,0.21,0.15,0.2,0.22
861,0.21,0,0,0,0
862,0,0.2,0.19,0.19,0.21
863,0.21,0,0,0,0
864,0,0.22,0.05,0.23,0.28
865,0.23,0,0,0,0
866,0,0.2,0.19,0.19,0.21
867,0.21,0,0,0,0
868,0,0.3,0.11,0.19,0.21
869,0.19,0,0,0,0
870,0,0.32,0.06,0.2,0.22
871,0.2,0,0,0,0
872,0,0.2,0.24,0.18,0.19
873,0.19,0,0,0,0
874,0,0.09,0.54,0.1,0.14
875,0.12,0,0,0,0
876,0,0.18,0,0.18,0.54
877,0.11,0,0,0,0
878,0,0.2,0.19,0.19,0.21
879,0.21,0,0,0,0
880,0,0.36,0,0.1,0.33
881,0.21,0,0,0,0
882,0,0.2,0.19,0.19,0.21
883,0.21,0,0,0,0
884,0,0.2,0.09,0.22,0.25
885,0.24,0,0,0,0
886,0,0.21,0.15,0.2,0.22
887,0.21,0,0,0,0
888,0,0.41,0,0.08,0.32
889,0.19,0,0,0,0
890,0,0.2,0.19,0.19,0.21
891,0.21,0,0,0,0
892,0,0.2,0.19,0.19,0.21
893,0.21,0,0,0,0
894,0,0.12,0.42,0.13,0.17
895,0.15,0,0,0,0
896,0,0.96,0,0.02,0.02
897,0.01,0,0,0,0
898,0,0.2,0.19,0.19,0.21
899,0.21,0,0,0,0
900,0,0.2,0.19,0.19,0.21
901,0.21,0,0,0,0
902,0,0.51,0,0.13,0.2
903,0.16,0,0,0,0
904,0,0.06,0.01,0.29,0.27
905,0.37,0,0,0,0
906,0,0.02,0.86,0.03,0.05
907,0.04,0,0,0,0
908,0,0.15,0.28,0.17,0.18
909,0.21,0,0,0,0
910,0,0.2,0.19,0.19,0.21
911,0.21,0,0,0,0
912,0,0.43,0,0.2,0.19
913,0.18,0,0,0,0
914,0,0.22,0.16,0.2,0.21
915,0.21,0,0,0,0
916,0,0.2,0.09,0.22,0.25
917,0.24,0,0,0,0
918,0,0.12,0,0.32,0.12
919,0.44,0,0,0,0
920,0,0,0,0.29,0.22
921,0.48,0,0,0,0
922,0,0.25,0.01,0.22,0.33
923,0.19,0,0,0,0
924,0,0.2,0.19,0.19,0.21
925,0.21,0,0,0,0
926,0,0.23,0.39,0.11,0.11
927,0.16,0,0,0,0
928,0,0.2,0.19,0.19,0.21
929,0.21,0,0,0,0
930,0,0.21,0.18,0.19,0.21
931,0.21,0,0,0,0
932,0,0.23,0.07,0.22,0.27
933,0.22,0,0,0,0
934,0,0.2,0.19,0.19,0.21
935,0.21,0,0,0,0
936,0,0.09,0.52,0.11,0.14
937,0.15,0,0,0,0
938,0,0.2,0.19,0.19,0.21
939,0.21,0,0,0,0
940,0,0.21,0.14,0.21,0.23
941,0.22,0,0,0,0
942,0,0.2,0.19,0.19,0.21
943,0.21,0,0,0,0
944,0,0.37,0.07,0.18,0.2
945,0.17,0,0,0,0
946,0,0.2,0.19,0.19,0.21
947,0.21,0,0,0,0
948,0,0.17,0.27,0.17,0.2
949,0.19,0,0,0,0
950,0,0.2,0.19,0.19,0.21
951,0.21,0,0,0,0
952,0,0.2,0.19,0.19,0.21
953,0.21,0,0,0,0
954,0,0.2,0.19,0.19,0.21
955,0.21,0,0,0,0
956,0,0.22,0,0.18,0.49
957,0.1,0,0,0,0
958,0,0.2,0.19,0.19,0.21
959,0.21,0,0,0,0
960,0,0.12,0,0.24,0.4
961,0.24,0,0,0,0
962,0,0.35,0.01,0.19,0.26
963,0.2,0,0,0,0
964,0,0.33,0,0.17,0.29
965,0.21,0,0,0,0
966,0,0.19,0.07,0.24,0.26
967,0.25,0,0,0,0
968,0,0.01,0.53,0.25,0.08
969,0.12,0,0,0,0
970,0,0.02,0,0.22,0.59
971,0.17,0,0,0,0
972,0,0.2,0.2,0.19,0.21
973,0.21,0,0,0,0
974,0,0.12,0,0.24,0.4
975,0.24,0,0,0,0
976,0,0.2,0.19,0.19,0.21
977,0.21,0,0,0,0
978,0,0.2,0.19,0.19,0.21
979,0.21,0,0,0,0
980,0,0.2,0.19,0.19,0.21
981,0.21,0,0,0,0
982,0,0.29,0,0.18,0.28
983,0.24,0,0,0,0
984,0,0.2,0.19,0.19,0.21
985,0.21,0,0,0,0
986,0,0.2,0.19,0.19,0.21
987,0.21,0,0,0,0
988,0,0.2,0.19,0.19,0.21
989,0.21,0,0,0,0
990,0,0.05,0,0.11,0.8
991,0.04,0,0,0,0
992,0,0.2,0.19,0.19,0.21
993,0.21,0,0,0,0
994,0,0.2,0.19,0.19,0.21
995,0.21,0,0,0,0
996,0,0.31,0.16,0.25,0.14
997,0.13,0,0,0,0
998,0,0.2,0.19,0.19,0.21
999,0.21,0,0,0,0
1000,0,0.2,0.19,0.19,0.21
1001,0.21,0,0,0,0
1002,0,0.2,0.19,0.19,0.21
1003,0.21,0,0,0,0
1004,0,0.87,0,0.04,0.06
1005,0.03,0,0,0,0
1006,0,0.49,0,0.14,0.19
1007,0.17,0,0,0,0
1008,0,0.2,0.19,0.19,0.21
1009,0.21,0,0,0,0
1010,0,0.2,0.19,0.19,0.21
1011,0.21,0,0,0,0
1012,0,0.2,0.19,0.19,0.21
1013,0.21,0,0,0,0
1014,0,0.25,0.01,0.22,0.34
1015,0.18,0,0,0,0
1016,0,0.22,0.13,0.21,0.23
1017,0.21,0,0,0,0
1018,0,0.54,0,0.14,0.18
1019,0.14,0,0,0,0
1020,0,0.12,0,0.25,0.35
1021,0.27,0,0,0,0
1022,0,0.37,0,0.09,0.33
1023,0.21,0,0,0,0
1024,0,0.14,0.08,0.22,0.3
1025,0.27,0,0,0,0
1026,0,0.46,0,0.19,0.18
1027,0.16,0,0,0,0
1028,0,0.05,0,0.25,0.45
1029,0.25,0,0,0,0
1030,0,0.19,0,0.14,0.61
1031,0.06,0,0,0,0
1032,0,0.01,0,0.21,0.56
1033,0.22,0,0,0,0
1034,0,0.22,0.14,0.2,0.23
1035,0.21,0,0,0,0
1036,0,0.08,0,0.22,0.53
1037,0.17,0,0,0,0
1038,0,0.23,0.07,0.18,0.26
1039,0.26,0,0,0,0
1040,0,0.2,0.19,0.19,0.21
1041,0.21,0,0,0,0
1042,0,0.99,0,0,0
1043,0,0,0,0,0
1044,0,0.2,0.19,0.19,0.21
1045,0.21,0,0,0,0
1046,0,0.19,0.31,0.16,0.16
1047,0.18,0,0,0,0
1048,0,0.28,0.18,0.17,0.17
1049,0.2,0,0,0,0
1050,0,0.31,0.02,0.22,0.23
1051,0.22,0,0,0,0
1052,0,0.6,0,0.15,0.14
1053,0.11,0,0,0,0
1054,0,0.32,0,0.12,0.39
1055,0.17,0,0,0,0
1056,0,0.2,0.19,0.19,0.21
1057,0.21,0,0,0,0
1058,0,0.2,0.3,0.16,0.16
1059,0.19,0,0,0,0
1060,0,0.6,0,0.14,0.16
1061,0.11,0,0,0,0
1062,0,0.02,0.52,0.25,0.09
1063,0.13,0,0,0,0
1064,0,0.2,0.19,0.19,0.21
1065,0.21,0,0,0,0
1066,0,0.41,0,0.18,0.17
1067,0.24,0,0,0,0
1068,0,0.2,0.19,0.19,0.21
1069,0.21,0,0,0,0
1070,0,0.54,0,0.1,0.28
1071,0.08,0,0,0,0
1072,0,0.2,0.19,0.19,0.21
1073,0.21,0,0,0,0
1074,0,0.09,0.56,0.1,0.14
1075,0.12,0,0,0,0
1076,0,0.08,0,0.24,0.45
1077,0.22,0,0,0,0
1078,0,0.05,0,0.11,0.8
1079,0.04,0,0,0,0
1080,0,0.06,0,0.25,0.42
1081,0.26,0,0,0,0
1082,0,0.07,0.51,0.07,0.17
1083,0.18,0,0,0,0
1084,0,0.32,0.01,0.22,0.24
1085,0.21,0,0,0,0
1086,0,0.22,0.1,0.24,0.22
1087,0.22,0,0,0,0
1088,0,0.23,0,0.16,0.52
1089,0.09,0,0,0,0
1090,0,0.24,0.04,0.22,0.29
1091,0.21,0,0,0,0
1092,0,0.56,0.02,0.07,0.26
1093,0.09,0,0,0,0
1094,0,0.24,0,0.22,0.35
1095,0.18,0,0,0,0
1096,0,0,0,0.4,0.39
1097,0.2,0,0,0,0
1098,0,0.14,0,0.38,0.31
1099,0.17,0,0,0,0
1100,0,0.2,0.19,0.19,0.21
1101,0.21,0,0,0,0
1102,0,0,0,0.3,0.08
1103,0.62,0,0,0,0
1104,0,0,0,0.12,0.07
1105,0.81,0,0,0,0
1106,0,0.12,0,0.2,0.55
1107,0.13,0,0,0,0
1108,0,0.6,0,0.12,0.16
1109,0.11,0,0,0,0
1110,0,0.2,0.19,0.19,0.21
1111,0.21,0,0,0,0
1112,0,0.04,0.74,0.05,0.11
1113,0.07,0,0,0,0
1114,0,0.2,0.19,0.19,0.21
1115,0.21,0,0,0,0
1116,0,0.19,0,0.21,0.21
1117,0.39,0,0,0,0
1118,0,0.06,0,0.27,0.4
1119,0.27,0,0,0,0
1120,0,0.2,0.19,0.19,0.21
1121,0.21,0,0,0,0
1122,0,0.19,0.31,0.16,0.16
1123,0.18,0,0,0,0
1124,0,0.2,0.19,0.19,0.21
1125,0.21,0,0,0,0
1126,0,0.2,0.19,0.19,0.21
1127,0.21,0,0,0,0
1128,0,0.2,0.19,0.19,0.21
1129,0.21,0,0,0,0
1130,0,0.13,0,0.19,0.52
1131,0.16,0,0,0,0
1132,0,0.34,0,0.12,0.31
1133,0.23,0,0,0,0
1134,0,0.04,0.76,0.05,0.07
1135,0.08,0,0,0,0
1136,0,0.12,0.67,0.06,0.05
1137,0.09,0,0,0,0
1138,0,0.2,0.19,0.19,0.21
1139,0.21,0,0,0,0
1140,0,0.2,0.19,0.19,0.21
1141,0.21,0,0,0,0
1142,0,0.2,0.19,0.19,0.21
1143,0.21,0,0,0,0
1144,0,0.21,0,0.17,0.54
1145,0.09,0,0,0,0
1146,0,0.19,0.36,0.14,0.14
1147,0.17,0,0,0,0
1148,0,0.2,0.19,0.19,0.21
1149,0.21,0,0,0,0
1150,0,0.34,0,0.19,0.28
1151,0.18,0,0,0,0
1152,0,0,0,0.24,0.58
1153,0.18,0,0,0,0
1154,0,0.15,0.01,0.25,0.33
1155,0.27,0,0,0,0
1156,0,0.04,0,0.27,0.46
1157,0.23,0,0,0,0
1158,0,0.8,0.02,0.06,0.06
1159,0.07,0,0,0,0
1160,0,0.42,0,0.17,0.22
1161,0.19,0,0,0,0
1162,0,0.2,0.19,0.19,0.21
1163,0.21,0,0,0,0
1164,0,0.53,0,0.16,0.17
1165,0.14,0,0,0,0
1166,0,0.3,0.03,0.21,0.24
1167,0.22,0,0,0,0
1168,0,0.2,0.19,0.19,0.21
1169,0.21,0,0,0,0
1170,0,0.2,0.19,0.19,0.21
1171,0.21,0,0,0,0
1172,0,0.2,0.19,0.19,0.21
1173,0.21,0,0,0,0
1174,0,0.08,0.56,0.09,0.13
1175,0.14,0,0,0,0
1176,0,0.2,0.19,0.19,0.21
1177,0.21,0,0,0,0
1178,0,0.2,0.19,0.19,0.21
1179,0.21,0,0,0,0
1180,0,0.2,0.19,0.19,0.21
1181,0.21,0,0,0,0
1182,0,0.09,0,0.21,0.47
1183,0.23,0,0,0,0
1184,0,0.2,0.19,0.19,0.21
1185,0.21,0,0,0,0
1186,0,0.2,0.19,0.19,0.21
1187,0.21,0,0,0,0
1188,0,0.21,0.17,0.19,0.22
1189,0.21,0,0,0,0
1190,0,0.2,0.19,0.19,0.21
1191,0.21,0,0,0,0
1192,0,0.2,0.19,0.19,0.21
1193,0.21,0,0,0,0
1194,0,0.16,0,0.24,0.35
1195,0.25,0,0,0,0
1196,0,0.19,0.2,0.2,0.21
1197,0.21,0,0,0,0
1198,0,0.08,0.05,0.21,0.19
1199,0.48,0,0,0,0
1200,0,0.2,0.19,0.19,0.21
1201,0.21,0,0,0,0
1202,0,0.28,0,0.15,0.32
1203,0.26,0,0,0,0
1204,0,0.23,0,0.2,0.42
1205,0.14,0,0,0,0
1206,0,0.2,0.19,0.19,0.21
1207,0.21,0,0,0,0
1208,0,0.19,0.35,0.14,0.14
1209,0.17,0,0,0,0
1210,0,0.12,0,0.24,0.4
1211,0.24,0,0,0,0
1212,0,0,0,0.5,0.34
1213,0.15,0,0,0,0
1214,0,0.18,0.24,0.18,0.2
1215,0.2,0,0,0,0
1216,0,0.2,0.19,0.19,0.21
1217,0.21,0,0,0,0
1218,0,0.2,0.19,0.19,0.21
1219,0.21,0,0,0,0
1220,0,0.63,0,0.08,0.2
1221,0.08,0,0,0,0
1222,0,0.24,0.03,0.22,0.29
1223,0.21,0,0,0,0
1224,0,0.17,0,0.22,0.4
1225,0.21,0,0,0,0
1226,0,0.35,0.01,0.2,0.23
1227,0.21,0,0,0,0
1228,0,0.34,0.01,0.22,0.22
1229,0.21,0,0,0,0
1230,0,0.15,0.01,0.25,0.32
1231,0.27,0,0,0,0
1232,0,0.67,0.01,0.11,0.11
1233,0.1,0,0,0,0
1234,0,0.2,0.19,0.19,0.21
1235,0.21,0,0,0,0
1236,0,0.2,0.19,0.19,0.21
1237,0.21,0,0,0,0
1238,0,0.2,0.11,0.21,0.24
1239,0.23,0,0,0,0
1240,0,0,0,0.25,0.22
1241,0.54,0,0,0,0
1242,0,0.22,0.13,0.21,0.23
1243,0.21,0,0,0,0
1244,0,0.2,0.19,0.19,0.21
1245,0.21,0,0,0,0
1246,0,0.29,0.12,0.19,0.21
1247,0.19,0,0,0,0
1248,0,0.24,0.07,0.21,0.26
1249,0.22,0,0,0,0
1250,0,0.04,0.74,0.04,0.08
1251,0.09,0,0,0,0
1252,0,0.2,0.19,0.19,0.21
1253,0.21,0,0,0,0
1254,0,0.12,0,0.24,0.42
1255,0.22,0,0,0,0
1256,0,0.16,0.48,0.11,0.1
1257,0.14,0,0,0,0
1258,0,0.37,0,0.18,0.27
1259,0.18,0,0,0,0
1260,0,0.2,0.19,0.19,0.21
1261,0.21,0,0,0,0
1262,0,0.2,0.19,0.19,0.21
1263,0.21,0,0,0,0
1264,0,0.2,0.19,0.19,0.21
1265,0.21,0,0,0,0
1266,0,0.19,0.36,0.14,0.14
1267,0.17,0,0,0,0
1268,0,0.12,0,0.24,0.4
1269,0.24,0,0,0,0
1270,0,0.18,0,0.23,0.37
1271,0.22,0,0,0,0
1272,0,0.2,0.19,0.19,0.21
1273,0.21,0,0,0,0
1274,0,0.28,0,0.14,0.51
1275,0.07,0,0,0,0
1276,0,0.04,0,0.35,0.26
1277,0.35,0,0,0,0
1278,0,0.37,0,0.19,0.24
1279,0.2,0,0,0,0
1280,0,0.2,0.19,0.19,0.21
1281,0.21,0,0,0,0
1282,0,0.2,0.19,0.19,0.21
1283,0.21,0,0,0,0
1284,0,0.38,0.13,0.15,0.14
1285,0.2,0,0,0,0
1286,0,0.15,0.34,0.15,0.19
1287,0.17,0,0,0,0
1288,0,0.2,0.07,0.23,0.26
1289,0.24,0,0,0,0
1290,0,0.11,0,0.25,0.36
1291,0.27,0,0,0,0
1292,0,0.18,0,0.29,0.21
1293,0.33,0,0,0,0
1294,0,0.2,0.19,0.19,0.21
1295,0.21,0,0,0,0
1296,0,0.22,0.14,0.2,0.23
1297,0.21,0,0,0,0
1298,0,0.25,0,0.21,0.37
1299,0.17,0,0,0,0
1300,0,0.53,0,0.27,0.13
1301,0.07,0,0,0,0
1302,0,0.2,0.19,0.19,0.21
1303,0.21,0,0,0,0
1304,0,0.52,0,0.13,0.23
1305,0.12,0,0,0,0
1306,0,0.2,0.19,0.19,0.21
1307,0.21,0,0,0,0
1308,0,0.2,0.19,0.19,0.21
1309,0.21,0,0,0,0
1310,0,0.05,0,0.12,0.56
1311,0.28,0,0,0,0
1312,0,0.13,0.37,0.14,0.17
1313,0.18,0,0,0,0
1314,0,0,0,0.38,0.28
1315,0.33,0,0,0,0
1316,0,0.2,0.19,0.19,0.21
1317,0.21,0,0,0,0
1318,0,0.1,0.49,0.11,0.14
1319,0.15,0,0,0,0
1320,0,0.18,0.41,0.13,0.12
1321,0.16,0,0,0,0
1322,0,0.21,0.18,0.19,0.21
1323,0.21,0,0,0,0
1324,0,0.2,0.19,0.19,0.21
1325,0.21,0,0,0,0
1326,0,0.2,0.19,0.19,0.21
1327,0.21,0,0,0,0
1328,0,0.2,0.09,0.22,0.25
1329,0.24,0,0,0,0
1330,0,0.2,0.19,0.19,0.21
1331,0.21,0,0,0,0
1332,0,0.24,0.16,0.19,0.21
1333,0.2,0,0,0,0
1334,0,0.25,0.06,0.21,0.25
1335,0.24,0,0,0,0
1336,0,0.2,0.19,0.19,0.21
1337,0.21,0,0,0,0
1338,0,0.2,0.19,0.19,0.21
1339,0.21,0,0,0,0
1340,0,0.2,0.19,0.19,0.21
1341,0.21,0,0,0,0
1342,0,0.1,0.23,0.24,0.19
1343,0.24,0,0,0,0
1344,0,0.2,0.19,0.19,0.21
1345,0.21,0,0,0,0
1346,0,0.01,0,0.2,0.58
1347,0.2,0,0,0,0
1348,0,0.33,0.05,0.18,0.17
1349,0.27,0,0,0,0
1350,0,0.2,0.19,0.19,0.21
1351,0.21,0,0,0,0
1352,0,0.27,0.01,0.19,0.27
1353,0.25,0,0,0,0
1354,0,0.19,0,0.15,0.59
1355,0.07,0,0,0,0
1356,0,0.21,0.12,0.21,0.23
1357,0.23,0,0,0,0
1358,0,0.03,0,0.18,0.67
1359,0.12,0,0,0,0
1360,0,0.2,0.22,0.18,0.2
1361,0.2,0,0,0,0
1362,0,0,0,0.09,0.79
1363,0.12,0,0,0,0
1364,0,0.51,0,0.12,0.32
1365,0.06,0,0,0,0
1366,0,0.1,0.3,0.23,0.17
1367,0.2,0,0,0,0
1368,0,0.14,0,0.25,0.34
1369,0.27,0,0,0,0
1370,0,0.23,0.09,0.21,0.25
1371,0.22,0,0,0,0
1372,0,0.04,0.76,0.05,0.07
1373,0.08,0,0,0,0
1374,0,0.2,0.19,0.19,0.21
1375,0.21,0,0,0,0
1376,0,0.07,0,0.17,0.19
1377,0.56,0,0,0,0
1378,0,0,0,0.17,0.07
1379,0.76,0,0,0,0
1380,0,0,0,0.28,0.14
1381,0.57,0,0,0,0
1382,0,0.2,0.19,0.19,0.21
1383,0.21,0,0,0,0
1384,0,0.2,0.19,0.19,0.21
1385,0.21,0,0,0,0
1386,0,0.16,0.01,0.25,0.34
1387,0.25,0,0,0,0
1388,0,0.03,0,0.28,0.44
1389,0.25,0,0,0,0
1390,0,0.2,0.19,0.19,0.21
1391,0.21,0,0,0,0
1392,0,0,0,0.37,0.23
1393,0.4,0,0,0,0
1394,0,0.01,0,0.29,0.14
1395,0.56,0,0,0,0
1396,0,0.2,0.19,0.19,0.21
1397,0.21,0,0,0,0
1398,0,0,0,0.42,0.15
1399,0.43,0,0,0,0
1400,0,0.04,0,0.24,0.47
1401,0.25,0,0,0,0
1402,0,0.2,0.19,0.19,0.21
1403,0.21,0,0,0,0
1404,0,0.2,0.19,0.19,0.21
1405,0.21,0,0,0,0
1406,0,0.19,0.01,0.24,0.33
1407,0.23,0,0,0,0
1408,0,0.28,0.05,0.21,0.24
1409,0.23,0,0,0,0
1410,0,0.2,0.19,0.19,0.21
1411,0.21,0,0,0,0
1412,0,0.2,0.23,0.18,0.19
1413,0.2,0,0,0,0
1414,0,0.2,0.19,0.19,0.21
1415,0.21,0,0,0,0
1416,0,0.38,0.13,0.15,0.14
1417,0.2,0,0,0,0
1418,0,0.05,0,0.23,0.46
1419,0.26,0,0,0,0
1420,0,0.2,0.19,0.19,0.21
1421,0.21,0,0,0,0
1422,0,0.36,0,0.15,0.28
1423,0.22,0,0,0,0
1424,0,0.2,0.19,0.19,0.21
1425,0.21,0,0,0,0
1426,0,0.2,0.19,0.19,0.21
1427,0.21,0,0,0,0
1428,0,0.01,0,0.08,0.06
1429,0.85,0,0,0,0
1430,0,0.2,0.19,0.19,0.21
1431,0.21,0,0,0,0
1432,0,0.23,0.1,0.21,0.25
1433,0.22,0,0,0,0
1434,0,0,0,0.17,0.78
1435,0.05,0,0,0,0
1436,0,0,0,0.29,0.15
1437,0.55,0,0,0,0
1438,0,0.13,0.3,0.12,0.24
1439,0.21,0,0,0,0
1440,0,0.17,0,0.13,0.66
1441,0.05,0,0,0,0
1442,0,0.2,0.19,0.19,0.21
1443,0.21,0,0,0,0
1444,0,0.17,0,0.18,0.55
1445,0.09,0,0,0,0
1446,0,0.25,0.07,0.2,0.23
1447,0.24,0,0,0,0
1448,0,0,0,0.11,0.79
1449,0.1,0,0,0,0
1450,0,0,0,0.17,0.74
1451,0.09,0,0,0,0
1452,0,0.1,0.49,0.11,0.14
1453,0.15,0,0,0,0
1454,0,0.26,0,0.23,0.31
1455,0.2,0,0,0,0
1456,0,0.2,0.19,0.19,0.21
1457,0.21,0,0,0,0
1458,0,0.36,0,0.15,0.28
1459,0.22,0,0,0,0
1460,0,0.21,0.16,0.2,0.22
1461,0.21,0,0,0,0
1462,0,0.13,0.01,0.24,0.34
1463,0.28,0,0,0,0
1464,0,0.33,0.1,0.19,0.21
1465,0.18,0,0,0,0
1466,0,0.2,0.19,0.19,0.21
1467,0.21,0,0,0,0
1468,0,0.31,0.02,0.22,0.23
1469,0.22,0,0,0,0
1470,0,0.2,0.09,0.22,0.25
1471,0.24,0,0,0,0
1472,0,0.2,0.19,0.19,0.21
1473,0.21,0,0,0,0
1474,0,0.09,0.01,0.23,0.37
1475,0.3,0,0,0,0
1476,0,0.13,0,0.24,0.4
1477,0.23,0,0,0,0
1478,0,0.21,0.16,0.2,0.22
1479,0.21,0,0,0,0
1480,0,0.11,0.04,0.22,0.33
1481,0.3,0,0,0,0
1482,0,0.38,0,0.17,0.13
1483,0.32,0,0,0,0
1484,0,0.15,0.52,0.1,0.09
1485,0.13,0,0,0,0
1486,0,0.21,0.17,0.19,0.22
1487,0.21,0,0,0,0
1488,0,0.04,0,0.23,0.56
1489,0.16,0,0,0,0
1490,0,0.11,0,0.26,0.26
1491,0.37,0,0,0,0
1492,0,0,0,0.32,0.27
1493,0.41,0,0,0,0
1494,0,0.19,0.3,0.16,0.16
1495,0.19,0,0,0,0
1496,0,0.2,0.19,0.19,0.21
1497,0.21,0,0,0,0
1498,0,0.2,0.3,0.16,0.16
1499,0.19,0,0,0,0
1500,0,0.13,0,0.22,0.39
1501,0.26,0,0,0,0
1502,0,0.28,0,0.16,0.26
1503,0.29,0,0,0,0
1504,0,0.22,0.19,0.19,0.2
1505,0.21,0,0,0,0
1506,0,0.8,0,0.01,0.19
1507,0.01,0,0,0,0
1508,0,0.31,0,0.16,0.3
1509,0.24,0,0,0,0
1510,0,0.24,0,0.22,0.38
1511,0.17,0,0,0,0
1512,0,0.2,0.19,0.19,0.21
1513,0.21,0,0,0,0
1514,0,0.2,0.19,0.19,0.21
1515,0.21,0,0,0,0
1516,0,0.11,0,0.25,0.37
1517,0.27,0,0,0,0
1518,0,0.22,0.14,0.2,0.23
1519,0.21,0,0,0,0
1520,0,0.2,0.19,0.19,0.21
1521,0.21,0,0,0,0
1522,0,0.21,0,0.22,0.39
1523,0.18,0,0,0,0
1524,0,0.2,0.19,0.19,0.21
1525,0.21,0,0,0,0
1526,0,0.2,0.19,0.19,0.21
1527,0.21,0,0,0,0
1528,0,0.01,0,0.12,0.5
1529,0.38,0,0,0,0
1530,0,0.2,0.19,0.19,0.21
1531,0.21,0,0,0,0
1532,0,0.1,0,0.25,0.37
1533,0.27,0,0,0,0
1534,0,0.24,0.15,0.19,0.21
1535,0.2,0,0,0,0
1536,0,0.42,0,0.17,0.36
1537,0.05,0,0,0,0
1538,0,0.2,0.19,0.19,0.21
1539,0.21,0,0,0,0
1540,0,0.2,0.19,0.19,0.21
1541,0.21,0,0,0,0
1542,0,0.2,0.19,0.19,0.21
1543,0.21,0,0,0,0
1544,0,0.2,0.19,0.19,0.21
1545,0.21,0,0,0,0
1546,0,0.26,0.08,0.21,0.23
1547,0.22,0,0,0,0
1548,0,0.16,0.49,0.11,0.1
1549,0.14,0,0,0,0
1550,0,0.2,0.19,0.19,0.21
1551,0.21,0,0,0,0
1552,0,0.2,0.19,0.19,0.21
1553,0.21,0,0,0,0
1554,0,0,0,0.39,0.17
1555,0.44,0,0,0,0
1556,0,0.08,0,0.25,0.42
1557,0.25,0,0,0,0
1558,0,0.2,0.24,0.18,0.19
1559,0.19,0,0,0,0
1560,0,0.2,0.19,0.19,0.21
1561,0.21,0,0,0,0
1562,0,0.2,0,0.22,0.29
1563,0.28,0,0,0,0
1564,0,0.2,0.19,0.19,0.21
1565,0.21,0,0,0,0
1566,0,0.3,0.01,0.2,0.25
1567,0.23,0,0,0,0
1568,0,0.06,0,0.25,0.43
1569,0.26,0,0,0,0
1570,0,0.2,0.19,0.19,0.21
1571,0.21,0,0,0,0
1572,0,0.23,0.09,0.21,0.25
1573,0.22,0,0,0,0
1574,0,0.12,0.54,0.09,0.14
1575,0.11,0,0,0,0
1576,0,0.19,0.23,0.18,0.2
1577,0.2,0,0,0,0
1578,0,0.1,0.02,0.22,0.2
1579,0.46,0,0,0,0
1580,0,0.45,0,0.16,0.21
1581,0.18,0,0,0,0
1582,0,0.21,0.04,0.23,0.27
1583,0.26,0,0,0,0
1584,0,0.06,0.43,0.2,0.14
1585,0.17,0,0,0,0
1586,0,0.2,0.19,0.19,0.21
1587,0.21,0,0,0,0
1588,0,0.2,0.19,0.19,0.21
1589,0.21,0,0,0,0
1590,0,0.08,0,0.13,0.55
1591,0.24,0,0,0,0
1592,0,0.14,0,0.25,0.34
1593,0.27,0,0,0,0
1594,0,0.12,0,0.23,0.44
1595,0.21,0,0,0,0
1596,0,0.27,0.1,0.2,0.22
1597,0.21,0,0,0,0
1598,0,0.2,0.19,0.19,0.21
1599,0.21,0,0,0,0
1600,0,0.07,0.84,0.03,0.02
1601,0.05,0,0,0,0
1602,0,0.23,0.09,0.21,0.25
1603,0.22,0,0,0,0
1604,0,0.2,0.19,0.19,0.21
1605,0.21,0,0,0,0
1606,0,0.2,0.19,0.19,0.21
1607,0.21,0,0,0,0
1608,0,0.2,0.23,0.18,0.19
1609,0.2,0,0,0,0
1610,0,0.13,0.01,0.24,0.34
1611,0.28,0,0,0,0
1612,0,0.22,0.1,0.24,0.22
1613,0.22,0,0,0,0
1614,0,0.2,0.19,0.19,0.21
1615,0.21,0,0,0,0
1616,0,0.14,0.08,0.22,0.3
1617,0.27,0,0,0,0
1618,0,0.2,0.19,0.19,0.21
1619,0.21,0,0,0,0
1620,0,0.2,0.19,0.19,0.21
1621,0.21,0,0,0,0
1622,0,0.2,0.19,0.19,0.21
1623,0.21,0,0,0,0
1624,0,0.2,0.19,0.19,0.21
1625,0.21,0,0,0,0
1626,0,0.11,0,0.2,0.55
1627,0.13,0,0,0,0
1628,0,0.2,0.19,0.19,0.21
1629,0.21,0,0,0,0
1630,0,0.17,0.02,0.24,0.3
1631,0.26,0,0,0,0
1632,0,0.08,0,0.25,0.41
1633,0.26,0,0,0,0
1634,0,0.28,0,0.15,0.48
1635,0.1,0,0,0,0
1636,0,0.26,0,0.24,0.29
1637,0.22,0,0,0,0
1638,0,0.29,0,0.18,0.28
1639,0.24,0,0,0,0
1640,0,0.2,0.26,0.17,0.18
1641,0.19,0,0,0,0
1642,0,0,0,0.36,0.16
1643,0.47,0,0,0,0
1644,0,0.2,0.19,0.19,0.21
1645,0.21,0,0,0,0
1646,0,0.14,0,0.25,0.34
1647,0.27,0,0,0,0
1648,0,0.2,0.19,0.19,0.21
1649,0.21,0,0,0,0
1650,0,0.2,0.19,0.19,0.21
1651,0.21,0,0,0,0
1652,0,0.09,0.52,0.11,0.14
1653,0.15,0,0,0,0
1654,0,0.04,0,0.09,0.83
1655,0.03,0,0,0,0
1656,0,0.2,0.19,0.19,0.21
1657,0.21,0,0,0,0
1658,0,0.03,0,0.31,0.32
1659,0.34,0,0,0,0
1660,0,0.24,0,0.22,0.35
1661,0.18,0,0,0,0
1662,0,0.12,0,0.36,0.34
1663,0.18,0,0,0,0
1664,0,0,0,0.22,0.08
1665,0.7,0,0,0,0
1666,0,0.2,0.19,0.19,0.21
1667,0.21,0,0,0,0
1668,0,0.02,0,0.21,0.55
1669,0.23,0,0,0,0
1670,0,0,0,0.37,0.19
1671,0.44,0,0,0,0
1672,0,0.2,0.06,0.23,0.27
1673,0.25,0,0,0,0
1674,0,0.63,0.01,0.12,0.14
1675,0.09,0,0,0,0
1676,0,0.24,0.15,0.19,0.21
1677,0.2,0,0,0,0
1678,0,0.08,0,0.11,0.15
1679,0.66,0,0,0,0
1680,0,0.2,0.19,0.19,0.21
1681,0.21,0,0,0,0
1682,0,0.11,0,0.25,0.36
1683,0.27,0,0,0,0
1684,0,0.43,0,0.14,0.27
1685,0.15,0,0,0,0
1686,0,0.2,0.19,0.19,0.21
1687,0.21,0,0,0,0
1688,0,0.2,0.19,0.19,0.21
1689,0.21,0,0,0,0
1690,0,0.2,0.27,0.17,0.17
1691,0.19,0,0,0,0
1692,0,0.28,0,0.09,0.32
1693,0.31,0,0,0,0
1694,0,0.2,0.27,0.17,0.17
1695,0.19,0,0,0,0
1696,0,0.54,0.05,0.12,0.11
1697,0.18,0,0,0,0
1698,0,0.08,0.33,0.24,0.16
1699,0.19,0,0,0,0
1700,0,0.2,0.19,0.19,0.21
1701,0.21,0,0,0,0
1702,0,0.21,0,0.1,0.39
1703,0.31,0,0,0,0
1704,0,0.26,0,0.21,0.36
1705,0.16,0,0,0,0
1706,0,0,0,0.14,0.11
1707,0.75,0,0,0,0
1708,0,0.37,0,0.09,0.34
1709,0.21,0,0,0,0
1710,0,0.2,0.19,0.19,0.21
1711,0.21,0,0,0,0
1712,0,0.02,0,0.18,0.12
1713,0.68,0,0,0,0
1714,0,0.2,0.19,0.19,0.21
1715,0.21,0,0,0,0
1716,0,0.25,0.1,0.21,0.22
1717,0.22,0,0,0,0
1718,0,0.23,0.09,0.21,0.25
1719,0.22,0,0,0,0
1720,0,0.2,0.19,0.19,0.21
1721,0.21,0,0,0,0
1722,0,0.2,0.19,0.19,0.21
1723,0.21,0,0,0,0
1724,0,0.28,0.13,0.19,0.21
1725,0.19,0,0,0,0
1726,0,0.2,0.09,0.17,0.26
1727,0.28,0,0,0,0
1728,0,0.12,0.45,0.12,0.16
1729,0.15,0,0,0,0
1730,0,0.16,0.49,0.11,0.1
1731,0.14,0,0,0,0
1732,0,0.17,0.02,0.25,0.31
1733,0.26,0,0,0,0
1734,0,0.2,0.19,0.19,0.21
1735,0.21,0,0,0,0
1736,0,0.14,0.24,0.17,0.24
1737,0.21,0,0,0,0
1738,0,0.16,0.01,0.25,0.31
1739,0.26,0,0,0,0
1740,0,0.2,0.19,0.19,0.21
1741,0.21,0,0,0,0
1742,0,0.27,0.1,0.19,0.22
1743,0.21,0,0,0,0
1744,0,0.11,0,0.24,0.44
1745,0.21,0,0,0,0
1746,0,0.2,0.19,0.19,0.21
1747,0.21,0,0,0,0
1748,0,0.2,0.19,0.19,0.21
1749,0.21,0,0,0,0
1750,0,0,0,0.42,0.13
1751,0.45,0,0,0,0
1752,0,0.35,0.12,0.16,0.16
1753,0.21,0,0,0,0
1754,0,0.09,0.01,0.33,0.22
1755,0.35,0,0,0,0
1756,0,0,0,0.16,0.68
1757,0.16,0,0,0,0
1758,0,0.2,0.19,0.19,0.21
1759,0.21,0,0,0,0
1760,0,0.2,0.19,0.19,0.21
1761,0.21,0,0,0,0
1762,0,0.68,0,0.11,0.14
1763,0.07,0,0,0,0
1764,0,0.14,0.25,0.22,0.19
1765,0.2,0,0,0,0
1766,0,0.2,0.19,0.19,0.21
1767,0.21,0,0,0,0
1768,0,0.25,0.03,0.22,0.29
1769,0.22,0,0,0,0
1770,0,0.32,0.02,0.21,0.24
1771,0.22,0,0,0,0
1772,0,0,0,0.32,0.27
1773,0.41,0,0,0,0
1774,0,0.2,0.3,0.16,0.16
1775,0.19,0,0,0,0
1776,0,0.21,0,0.12,0.45
1777,0.22,0,0,0,0
1778,0,0.37,0,0.11,0.31
1779,0.21,0,0,0,0
1780,0,0.27,0.02,0.23,0.23
1781,0.26,0,0,0,0
1782,0,0.31,0,0.12,0.33
1783,0.24,0,0,0,0
1784,0,0.23,0.1,0.21,0.25
1785,0.22,0,0,0,0
1786,0,0.22,0.14,0.2,0.23
1787,0.21,0,0,0,0
1788,0,0.2,0.19,0.19,0.21
1789,0.21,0,0,0,0
1790,0,0,0,0.31,0.41
1791,0.28,0,0,0,0
1792,0,0.2,0.19,0.19,0.21
1793,0.21,0,0,0,0
1794,0,0.11,0,0.25,0.36
1795,0.27,0,0,0,0
1796,0,0.08,0.61,0.08,0.12
1797,0.1,0,0,0,0
1798,0,0.54,0,0.1,0.28
1799,0.08,0,0,0,0
1800,0,0.2,0.19,0.19,0.21
1801,0.21,0,0,0,0
1802,0,0,0,0.15,0.83
1803,0.03,0,0,0,0
1804,0,0,0,0.25,0.22
1805,0.54,0,0,0,0
1806,0,0.46,0,0.17,0.2
1807,0.17,0,0,0,0
1808,0,0.2,0.19,0.19,0.21
1809,0.21,0,0,0,0
1810,0,0.19,0.04,0.24,0.28
1811,0.25,0,0,0,0
1812,0,0.29,0.08,0.19,0.22
1813,0.21,0,0,0,0
1814,0,0.01,0,0.2,0.6
1815,0.2,0,0,0,0
1816,0,0.2,0.19,0.19,0.21
1817,0.21,0,0,0,0
1818,0,0.47,0,0.06,0.31
1819,0.16,0,0,0,0
1820,0,0.2,0.19,0.19,0.21
1821,0.21,0,0,0,0
1822,0,0,0,0.15,0.05
1823,0.8,0,0,0,0
1824,0,0.31,0,0.18,0.35
1825,0.16,0,0,0,0
1826,0,0.2,0.19,0.19,0.21
1827,0.21,0,0,0,0
1828,0,0.2,0.19,0.19,0.21
1829,0.21,0,0,0,0
1830,0,0.2,0.19,0.19,0.21
1831,0.21,0,0,0,0
1832,0,0.2,0.19,0.19,0.21
1833,0.21,0,0,0,0
1834,0,0.2,0.19,0.19,0.21
1835,0.21,0,0,0,0
1836,0,0.06,0.66,0.07,0.1
1837,0.11,0,0,0,0
1838,0,0.2,0.24,0.18,0.19
1839,0.19,0,0,0,0
1840,0,0.21,0.23,0.17,0.17
1841,0.23,0,0,0,0
1842,0,0,0.03,0.14,0.7
1843,0.12,0,0,0,0
1844,0,0.2,0.19,0.19,0.21
1845,0.21,0,0,0,0
1846,0,0.2,0.19,0.19,0.21
1847,0.21,0,0,0,0
1848,0,0.2,0.19,0.19,0.21
1849,0.21,0,0,0,0
1850,0,0.2,0,0.15,0.56
1851,0.09,0,0,0,0
1852,0,0.33,0.01,0.2,0.24
1853,0.22,0,0,0,0
1854,0,0.23,0.09,0.21,0.25
1855,0.22,0,0,0,0
1856,0,0.2,0.19,0.19,0.21
1857,0.21,0,0,0,0
1858,0,0.2,0.19,0.19,0.21
1859,0.21,0,0,0,0
1860,0,0.35,0,0.22,0.24
1861,0.19,0,0,0,0
1862,0,0.03,0,0.18,0.55
1863,0.24,0,0,0,0
1864,0,0.5,0.01,0.16,0.19
1865,0.15,0,0,0,0
1866,0,0.47,0.01,0.17,0.2
1867,0.16,0,0,0,0
1868,0,0.17,0.12,0.2,0.26
1869,0.26,0,0,0,0
1870,0,0.2,0.19,0.19,0.21
1871,0.21,0,0,0,0
1872,0,0.12,0,0.24,0.4
1873,0.24,0,0,0,0
1874,0,0.01,0.89,0.03,0.03
1875,0.04,0,0,0,0
1876,0,0.19,0.29,0.17,0.18
1877,0.17,0,0,0,0
1878,0,0.33,0.01,0.22,0.22
1879,0.22,0,0,0,0
1880,0,0.2,0.09,0.17,0.26
1881,0.28,0,0,0,0
1882,0,0.12,0,0.24,0.4
1883,0.24,0,0,0,0
1884,0,0.2,0.19,0.19,0.21
1885,0.21,0,0,0,0
1886,0,0.2,0.19,0.19,0.21
1887,0.21,0,0,0,0
1888,0,0.12,0,0.24,0.4
1889,0.24,0,0,0,0
1890,0,0.2,0.19,0.19,0.21
1891,0.21,0,0,0,0
1892,0,0,0,0.04,0.94
1893,0.02,0,0,0,0
1894,0,0.2,0.19,0.19,0.21
1895,0.21,0,0,0,0
1896,0,0.25,0,0.22,0.35
1897,0.18,0,0,0,0
1898,0,0.05,0,0.15,0.66
1899,0.15,0,0,0,0
1900,0,0.2,0.19,0.19,0.21
1901,0.21,0,0,0,0
1902,0,0.2,0.26,0.17,0.18
1903,0.19,0,0,0,0
1904,0,0.42,0,0.2,0.2
1905,0.17,0,0,0,0
1906,0,0.2,0.19,0.19,0.21
1907,0.21,0,0,0,0
1908,0,0.23,0.09,0.21,0.25
1909,0.22,0,0,0,0
1910,0,0.5,0,0.15,0.2
1911,0.16,0,0,0,0
1912,0,0.2,0.19,0.19,0.21
1913,0.21,0,0,0,0
1914,0,0.03,0,0.22,0.53
1915,0.22,0,0,0,0
1916,0,0.2,0.19,0.19,0.21
1917,0.21,0,0,0,0
1918,0,0.29,0,0.18,0.28
1919,0.24,0,0,0,0
1920,0,0.2,0.19,0.19,0.21
1921,0.21,0,0,0,0
1922,0,0.2,0.19,0.19,0.21
1923,0.21,0,0,0,0
1924,0,0.2,0.19,0.19,0.21
1925,0.21,0,0,0,0
1926,0,0.2,0.19,0.19,0.21
1927,0.21,0,0,0,0
1928,0,0,0,0.31,0.19
1929,0.5,0,0,0,0
1930,0,0.15,0.33,0.15,0.19
1931,0.18,0,0,0,0
1932,0,0.2,0.19,0.19,0.21
1933,0.21,0,0,0,0
1934,0,0.28,0,0.21,0.34
1935,0.17,0,0,0,0
1936,0,0,0,0.35,0.41
1937,0.24,0,0,0,0
1938,0,0.01,0,0.16,0.51
1939,0.32,0,0,0,0
1940,0,0.22,0.17,0.19,0.21
1941,0.21,0,0,0,0
1942,0,0.2,0.19,0.19,0.21
1943,0.21,0,0,0,0
1944,0,0.2,0.19,0.19,0.21
1945,0.21,0,0,0,0
1946,0,0.57,0,0.12,0.23
1947,0.08,0,0,0,0
1948,0,0.18,0.33,0.16,0.17
1949,0.16,0,0,0,0
1950,0,0.14,0.04,0.17,0.33
1951,0.32,0,0,0,0
1952,0,0.39,0.04,0.16,0.24
1953,0.17,0,0,0,0
1954,0,0.38,0,0.19,0.23
1955,0.2,0,0,0,0
1956,0,0.26,0.09,0.2,0.23
1957,0.23,0,0,0,0
1958,0,0.2,0.19,0.19,0.21
1959,0.21,0,0,0,0
1960,0,0.18,0.34,0.16,0.17
1961,0.15,0,0,0,0
1962,0,0.1,0.52,0.1,0.15
1963,0.13,0,0,0,0
1964,0,0.21,0.13,0.21,0.23
1965,0.22,0,0,0,0
1966,0,0.2,0.19,0.19,0.21
1967,0.21,0,0,0,0
1968,0,0.05,0,0.24,0.49
1969,0.22,0,0,0,0
1970,0,0.1,0,0.2,0.19
1971,0.5,0,0,0,0
1972,0,0.36,0,0.15,0.28
1973,0.22,0,0,0,0
1974,0,0.2,0.19,0.19,0.21
1975,0.21,0,0,0,0
1976,0,0.06,0,0.21,0.29
1977,0.44,0,0,0,0
1978,0,0.27,0.01,0.22,0.3
1979,0.2,0,0,0,0
1980,0,0.16,0.01,0.25,0.34
1981,0.25,0,0,0,0
1982,0,0,0,0.16,0.7
1983,0.14,0,0,0,0
1984,0,0.2,0.19,0.19,0.21
1985,0.21,0,0,0,0
1986,0,0.2,0.19,0.19,0.21
1987,0.21,0,0,0,0
1988,0,0.06,0,0.25,0.42
1989,0.26,0,0,0,0
1990,0,0.2,0.19,0.19,0.21
1991,0.21,0,0,0,0
1992,0,0.12,0.42,0.13,0.17
1993,0.15,0,0,0,0
1994,0,0.11,0.46,0.12,0.15
1995,0.16,0,0,0,0
1996,0,0.22,0,0.19,0.48
1997,0.11,0,0,0,0
1998,0,0.09,0.32,0.15,0.22
1999,0.22,0,0,0,0
2000,0,0,0,0.12,0.71
2001,0.16,0,0,0,0
2002,0,0.2,0.19,0.19,0.21
2003,0.21,0,0,0,0
2004,0,0,0,0.17,0.26
2005,0.56,0,0,0,0
2006,0,0.37,0.08,0.19,0.17
2007,0.19,0,0,0,0
2008,0,0.2,0.19,0.19,0.21
2009,0.21,0,0,0,0
2010,0,0.2,0.19,0.19,0.21
2011,0.21,0,0,0,0
2012,0,0.2,0.1,0.22,0.25
2013,0.24,0,0,0,0
2014,0,0.19,0,0.22,0.37
2015,0.21,0,0,0,0
2016,0,0,0,0.09,0.41
2017,0.5,0,0,0,0
2018,0,0.07,0,0.25,0.42
2019,0.26,0,0,0,0
2020,0,0.09,0,0.25,0.38
2021,0.27,0,0,0,0
2022,0,0.2,0.19,0.19,0.21
2023,0.21,0,0,0,0
2024,0,0.2,0.19,0.19,0.21
2025,0.21,0,0,0,0
2026,0,0.06,0,0.34,0.15
2027,0.45,0,0,0,0
2028,0,0.23,0.07,0.22,0.26
2029,0.22,0,0,0,0
2030,0,0.2,0.19,0.19,0.21
2031,0.21,0,0,0,0
2032,0,0.16,0.01,0.25,0.34
2033,0.25,0,0,0,0
2034,0,0.22,0.1,0.19,0.24
2035,0.24,0,0,0,0
2036,0,0.12,0.27,0.23,0.18
2037,0.2,0,0,0,0
2038,0,0.2,0.19,0.19,0.21
2039,0.21,0,0,0,0
2040,0,0.42,0,0.16,0.25
2041,0.17,0,0,0,0
2042,0,0.25,0.03,0.22,0.29
2043,0.22,0,0,0,0
2044,0,0.2,0.19,0.19,0.21
2045,0.21,0,0,0,0
2046,0,0.2,0.19,0.19,0.21
2047,0.21,0,0,0,0
2048,0,0.37,0.08,0.13,0.26
2049,0.16,0,0,0,0
2050,0,0.2,0.19,0.19,0.21
2051,0.21,0,0,0,0
2052,0,0.01,0.19,0.15,0.35
2053,0.31,0,0,0,0
2054,0,0.25,0.06,0.2,0.24
2055,0.25,0,0,0,0
2056,0,0.21,0.04,0.13,0.32
2057,0.29,0,0,0,0
2058,0,0.24,0,0.22,0.36
2059,0.18,0,0,0,0
2060,0,0.83,0,0.04,0.08
2061,0.05,0,0,0,0
2062,0,0,0,0.11,0.48
2063,0.41,0,0,0,0
2064,0,0.2,0.19,0.19,0.21
2065,0.21,0,0,0,0
2066,0,0.2,0.19,0.19,0.21
2067,0.21,0,0,0,0
2068,0,0,0,0.3,0.08
2069,0.62,0,0,0,0
2070,0,0,0,0.08,0.12
2071,0.79,0,0,0,0
2072,0,0.23,0,0.22,0.29
2073,0.26,0,0,0,0
2074,0,0.26,0.05,0.21,0.26
2075,0.21,0,0,0,0
2076,0,0.09,0,0.25,0.39
2077,0.27,0,0,0,0
2078,0,0.2,0.19,0.19,0.21
2079,0.21,0,0,0,0
2080,0,0.2,0.19,0.19,0.21
2081,0.21,0,0,0,0
2082,0,0.3,0.06,0.19,0.23
2083,0.21,0,0,0,0
2084,0,0.2,0.19,0.19,0.21
2085,0.21,0,0,0,0
2086,0,0.13,0.39,0.14,0.17
2087,0.17,0,0,0,0
2088,0,0.01,0.01,0.34,0.39
2089,0.25,0,0,0,0
2090,0,0.2,0.19,0.19,0.21
2091,0.21,0,0,0,0
2092,0,0.26,0.07,0.21,0.23
2093,0.22,0,0,0,0
2094,0,0.25,0.01,0.22,0.32
2095,0.2,0,0,0,0
2096,0,0.2,0.19,0.19,0.21
2097,0.21,0,0,0,0
2098,0,0.2,0.19,0.19,0.21
2099,0.21,0,0,0,0
2100,0,0.18,0.41,0.13,0.12
2101,0.16,0,0,0,0
2102,0,0.01,0,0.21,0.56
2103,0.23,0,0,0,0
2104,0,0.25,0.07,0.2,0.23
2105,0.24,0,0,0,0
2106,0,0.2,0.19,0.19,0.21
2107,0.21,0,0,0,0
2108,0,0,0,0.34,0.31
2109,0.35,0,0,0,0
2110,0,0.2,0.19,0.19,0.21
2111,0.21,0,0,0,0
2112,0,0.2,0.19,0.19,0.21
2113,0.21,0,0,0,0
2114,0,0,0,0.27,0.13
2115,0.59,0,0,0,0
2116,0,0.19,0.29,0.17,0.18
2117,0.17,0,0,0,0
2118,0,0.2,0.19,0.19,0.21
2119,0.21,0,0,0,0
2120,0,0.14,0.25,0.22,0.19
2121,0.2,0,0,0,0
2122,0,0.23,0.1,0.21,0.25
2123,0.22,0,0,0,0
2124,0,0.2,0.19,0.19,0.21
2125,0.21,0,0,0,0
2126,0,0,0,0.31,0.2
2127,0.49,0,0,0,0
2128,0,0.2,0.19,0.19,0.21
2129,0.21,0,0,0,0
2130,0,0.22,0,0.21,0.43
2131,0.15,0,0,0,0
2132,0,0.26,0.06,0.21,0.24
2133,0.23,0,0,0,0
2134,0,0.28,0.02,0.2,0.27
2135,0.23,0,0,0,0
2136,0,0.37,0,0.09,0.34
2137,0.21,0,0,0,0
2138,0,0.2,0.18,0.19,0.21
2139,0.21,0,0,0,0
2140,0,0.08,0,0.24,0.24
2141,0.43,0,0,0,0
2142,0,0.05,0,0.25,0.44
2143,0.26,0,0,0,0
2144,0,0.13,0.4,0.14,0.18
2145,0.16,0,0,0,0
2146,0,0.36,0.01,0.22,0.22
2147,0.2,0,0,0,0
2148,0,0.2,0.19,0.19,0.21
2149,0.21,0,0,0,0
2150,0,0.01,0,0.3,0.44
2151,0.24,0,0,0,0
2152,0,0,0,0.15,0.05
2153,0.8,0,0,0,0
2154,0,0.2,0.19,0.19,0.21
2155,0.21,0,0,0,0
2156,0,0,0,0.15,0.12
2157,0.72,0,0,0,0
2158,0,0,0,0.21,0.63
2159,0.16,0,0,0,0
2160,0,0.24,0.06,0.22,0.27
2161,0.22,0,0,0,0
2162,0,0.12,0,0.24,0.4
2163,0.24,0,0,0,0
2164,0,0.2,0.19,0.19,0.21
2165,0.21,0,0,0,0
2166,0,0.2,0.19,0.19,0.21
2167,0.21,0,0,0,0
2168,0,0.56,0,0.12,0.18
2169,0.14,0,0,0,0
2170,0,0.2,0.19,0.19,0.21
2171,0.21,0,0,0,0
2172,0,0.28,0.04,0.21,0.26
2173,0.21,0,0,0,0
2174,0,0.23,0.09,0.21,0.25
2175,0.22,0,0,0,0
2176,0,0.23,0.08,0.21,0.25
2177,0.22,0,0,0,0
2178,0,0.99,0,0,0
2179,0,0,0,0,0
2180,0,0.2,0.19,0.19,0.21
2181,0.21,0,0,0,0
2182,0,0,0,0.16,0.72
2183,0.12,0,0,0,0
2184,0,0.06,0,0.21,0.45
2185,0.27,0,0,0,0
2186,0,0.2,0.19,0.19,0.21
2187,0.21,0,0,0,0
2188,0,0.01,0,0.13,0.12
2189,0.75,0,0,0,0
2190,0,0.25,0.01,0.22,0.34
2191,0.19,0,0,0,0
2192,0,0.2,0.19,0.19,0.21
2193,0.21,0,0,0,0
2194,0,0.34,0,0.15,0.31
2195,0.21,0,0,0,0
2196,0,0.2,0.19,0.19,0.21
2197,0.21,0,0,0,0
2198,0,0.11,0,0.19,0.61
2199,0.1,0,0,0,0
2200,0,0.2,0.19,0.19,0.21
2201,0.21,0,0,0,0
2202,0,0.2,0.19,0.19,0.21
2203,0.21,0,0,0,0
2204,0,0.2,0.19,0.19,0.21
2205,0.21,0,0,0,0
2206,0,0.2,0.19,0.19,0.21
2207,0.21,0,0,0,0
2208,0,0.23,0.09,0.21,0.25
2209,0.22,0,0,0,0
2210,0,0,0,0.25,0.22
2211,0.54,0,0,0,0
2212,0,0.2,0.19,0.19,0.21
2213,0.21,0,0,0,0
2214,0,0.23,0.14,0.2,0.22
2215,0.22,0,0,0,0
2216,0,0.2,0.19,0.19,0.21
2217,0.21,0,0,0,0
2218,0,0,0,0.38,0.47
2219,0.15,0,0,0,0
2220,0,0.03,0.45,0.26,0.11
2221,0.15,0,0,0,0
2222,0,0.38,0,0.19,0.23
2223,0.2,0,0,0,0
2224,0,0.2,0.19,0.19,0.21
2225,0.21,0,0,0,0
2226,0,0.2,0.19,0.19,0.21
2227,0.21,0,0,0,0
2228,0,0.67,0,0.1,0.13
2229,0.09,0,0,0,0
2230,0,0.35,0,0.15,0.25
2231,0.25,0,0,0,0
2232,0,0.2,0.19,0.19,0.21
2233,0.21,0,0,0,0
2234,0,0,0,0.34,0.17
2235,0.49,0,0,0,0
2236,0,0.2,0.23,0.18,0.19
2237,0.2,0,0,0,0
2238,0,0.29,0,0.22,0.19
2239,0.3,0,0,0,0
2240,0,0.5,0,0.07,0.27
2241,0.15,0,0,0,0
2242,0,0.2,0.19,0.19,0.21
2243,0.21,0,0,0,0
2244,0,0,0,0.18,0.61
2245,0.21,0,0,0,0
2246,0,0.24,0,0.22,0.37
2247,0.17,0,0,0,0
2248,0,0.28,0.05,0.22,0.23
2249,0.22,0,0,0,0
2250,0,0.2,0.19,0.19,0.21
2251,0.21,0,0,0,0
2252,0,0.19,0.2,0.2,0.21
2253,0.21,0,0,0,0
2254,0,0,0.02,0.54,0.28
2255,0.16,0,0,0,0
2256,0,0.2,0.19,0.19,0.21
2257,0.21,0,0,0,0
2258,0,0.2,0.19,0.19,0.21
2259,0.21,0,0,0,0
2260,0,0.16,0.01,0.25,0.32
2261,0.27,0,0,0,0
2262,0,0,0,0.18,0.06
2263,0.75,0,0,0,0
2264,0,0.24,0,0.13,0.56
2265,0.06,0,0,0,0
2266,0,0.2,0.19,0.19,0.21
2267,0.21,0,0,0,0
2268,0,0,0.8,0.03,0.03
2269,0.13,0,0,0,0
2270,0,0.2,0.19,0.19,0.21
2271,0.21,0,0,0,0
2272,0,0.21,0.18,0.19,0.21
2273,0.21,0,0,0,0
2274,0,0,0,0.37,0.23
2275,0.4,0,0,0,0
2276,0,0.2,0.19,0.19,0.21
2277,0.21,0,0,0,0
2278,0,0.2,0.19,0.19,0.21
2279,0.21,0,0,0,0
2280,0,0.2,0.19,0.19,0.21
2281,0.21,0,0,0,0
2282,0,0.02,0,0.44,0.18
2283,0.36,0,0,0,0
2284,0,0.08,0,0.24,0.48
2285,0.2,0,0,0,0
2286,0,0.2,0.19,0.19,0.21
2287,0.21,0,0,0,0
2288,0,0.05,0.01,0.2,0.42
2289,0.33,0,0,0,0
2290,0,0.32,0.06,0.2,0.22
2291,0.2,0,0,0,0
2292,0,0.04,0.02,0.22,0.39
2293,0.33,0,0,0,0
2294,0,0.2,0.19,0.19,0.21
2295,0.21,0,0,0,0
2296,0,0.93,0,0.02,0.02
2297,0.03,0,0,0,0
2298,0,0.31,0,0.18,0.27
2299,0.23,0,0,0,0
2300,0,0,0,0.09,0.86
2301,0.04,0,0,0,0
2302,0,0.2,0.19,0.19,0.21
2303,0.21,0,0,0,0
2304,0,0.34,0,0.19,0.29
2305,0.18,0,0,0,0
2306,0,0.2,0.19,0.19,0.21
2307,0.21,0,0,0,0
2308,0,0.2,0.07,0.23,0.26
2309,0.24,0,0,0,0
2310,0,0.35,0.01,0.22,0.22
2311,0.21,0,0,0,0
2312,0,0.21,0.13,0.21,0.23
2313,0.22,0,0,0,0
2314,0,0,0.03,0.22,0.57
2315,0.19,0,0,0,0
2316,0,0.25,0.01,0.22,0.34
2317,0.19,0,0,0,0
2318,0,0,0,0.15,0.7
2319,0.15,0,0,0,0
2320,0,0.14,0.6,0.08,0.07
2321,0.11,0,0,0,0
2322,0,0.31,0.1,0.18,0.2
2323,0.21,0,0,0,0
2324,0,0.48,0,0.12,0.2
2325,0.2,0,0,0,0
2326,0,0.2,0.19,0.19,0.21
2327,0.21,0,0,0,0
2328,0,0,0,0.18,0.08
2329,0.73,0,0,0,0
2330,0,0.2,0.19,0.19,0.21
2331,0.21,0,0,0,0
2332,0,0.22,0,0.25,0.3
2333,0.23,0,0,0,0
2334,0,0.83,0,0.02,0.14
2335,0,0,0,0,0
2336,0,0.21,0.13,0.21,0.23
2337,0.22,0,0,0,0
2338,0,0.29,0.01,0.23,0.24
2339,0.23,0,0,0,0
2340,0,0.38,0.03,0.17,0.19
2341,0.22,0,0,0,0
2342,0,0.25,0.06,0.22,0.23
2343,0.24,0,0,0,0
2344,0,0.65,0,0.1,0.17
2345,0.08,0,0,0,0
2346,0,0.23,0.09,0.21,0.25
2347,0.22,0,0,0,0
2348,0,0.2,0.19,0.19,0.21
2349,0.21,0,0,0,0
2350,0,0.34,0,0.15,0.29
2351,0.22,0,0,0,0
2352,0,0,1,0,0
2353,0,0,0,0,0
2354,0,0.24,0.05,0.17,0.31
2355,0.24,0,0,0,0
2356,0,0.27,0.01,0.2,0.24
2357,0.29,0,0,0,0
2358,0,0.84,0,0.05,0.07
2359,0.04,0,0,0,0
2360,0,0.48,0.05,0.16,0.18
2361,0.14,0,0,0,0
2362,0,0.18,0.03,0.24,0.29
2363,0.26,0,0,0,0
2364,0,0.17,0.37,0.15,0.16
2365,0.15,0,0,0,0
2366,0,0.12,0,0.2,0.55
2367,0.13,0,0,0,0
2368,0,0.21,0.18,0.19,0.21
2369,0.21,0,0,0,0
2370,0,0.27,0.09,0.21,0.23
2371,0.21,0,0,0,0
2372,0,0.04,0,0.18,0.14
2373,0.64,0,0,0,0
2374,0,0.01,0.72,0.04,0.04
2375,0.2,0,0,0,0
2376,0,0.29,0,0.18,0.42
2377,0.12,0,0,0,0
2378,0,0.01,0,0.29,0.14
2379,0.56,0,0,0,0
2380,0,0.13,0.37,0.14,0.17
2381,0.18,0,0,0,0
2382,0,0.08,0.58,0.09,0.12
2383,0.13,0,0,0,0
2384,0,0.1,0,0.28,0.43
2385,0.2,0,0,0,0
2386,0,0.02,0,0.23,0.52
2387,0.23,0,0,0,0
2388,0,0.2,0.19,0.19,0.21
2389,0.21,0,0,0,0
2390,0,0.3,0.01,0.2,0.25
2391,0.23,0,0,0,0
2392,0,0.2,0.19,0.19,0.21
2393,0.21,0,0,0,0
2394,0,0,0,0.35,0.12
2395,0.53,0,0,0,0
2396,0,0.2,0.19,0.19,0.21
2397,0.21,0,0,0,0
2398,0,0.19,0.31,0.16,0.16
2399,0.18,0,0,0,0
2400,0,0.09,0,0.21,0.47
2401,0.23,0,0,0,0
2402,0,0.5,0.13,0.12,0.12
2403,0.13,0,0,0,0
2404,0,0.2,0.19,0.19,0.21
2405,0.21,0,0,0,0
2406,0,0.2,0.19,0.19,0.21
2407,0.21,0,0,0,0
2408,0,0.06,0.22,0.17,0.17
2409,0.39,0,0,0,0
2410,0,0.2,0.19,0.19,0.21
2411,0.21,0,0,0,0
2412,0,0.2,0.19,0.19,0.21
2413,0.21,0,0,0,0
2414,0,0.29,0,0.29,0.2
2415,0.21,0,0,0,0
2416,0,0.18,0.17,0.2,0.21
2417,0.24,0,0,0,0
2418,0,0.2,0.19,0.19,0.21
2419,0.21,0,0,0,0
2420,0,0.21,0.16,0.2,0.22
2421,0.21,0,0,0,0
2422,0,0.22,0.05,0.23,0.27
2423,0.24,0,0,0,0
2424,0,0.2,0.19,0.19,0.21
2425,0.21,0,0,0,0
2426,0,0.2,0.27,0.17,0.17
2427,0.19,0,0,0,0
2428,0,0.35,0,0.15,0.28
2429,0.22,0,0,0,0
2430,0,0.29,0,0.18,0.28
2431,0.24,0,0,0,0
2432,0,0.2,0.19,0.19,0.21
2433,0.21,0,0,0,0
2434,0,0.2,0.19,0.19,0.21
2435,0.21,0,0,0,0
2436,0,0.2,0.19,0.19,0.21
2437,0.21,0,0,0,0
2438,0,0.01,0.14,0.23,0.34
2439,0.28,0,0,0,0
2440,0,0.2,0.19,0.19,0.21
2441,0.21,0,0,0,0
2442,0,0.2,0.19,0.19,0.21
2443,0.21,0,0,0,0
2444,0,0.2,0.19,0.19,0.21
2445,0.21,0,0,0,0
2446,0,0.2,0.19,0.19,0.21
2447,0.21,0,0,0,0
2448,0,0.2,0.19,0.19,0.21
2449,0.21,0,0,0,0
2450,0,0.04,0,0.24,0.48
2451,0.25,0,0,0,0
2452,0,0.2,0.19,0.19,0.21
2453,0.21,0,0,0,0
2454,0,0.2,0.1,0.22,0.24
2455,0.23,0,0,0,0
2456,0,0.25,0.01,0.22,0.33
2457,0.19,0,0,0,0
2458,0,0.54,0,0.15,0.19
2459,0.11,0,0,0,0
2460,0,0.05,0,0.25,0.44
2461,0.26,0,0,0,0
2462,0,0.22,0.1,0.24,0.22
2463,0.22,0,0,0,0
2464,0,0.2,0.19,0.19,0.21
2465,0.21,0,0,0,0
2466,0,0.29,0.09,0.2,0.22
2467,0.21,0,0,0,0
2468,0,0.2,0.19,0.19,0.21
2469,0.21,0,0,0,0
2470,0,0.03,0,0.21,0.47
2471,0.29,0,0,0,0
2472,0,0.2,0.19,0.19,0.21
2473,0.21,0,0,0,0
2474,0,0.24,0.02,0.22,0.3
2475,0.21,0,0,0,0
2476,0,0.04,0,0.24,0.47
2477,0.25,0,0,0,0
2478,0,0.25,0,0.22,0.35
2479,0.18,0,0,0,0
2480,0,0.2,0.19,0.19,0.21
2481,0.21,0,0,0,0
2482,0,0.2,0.19,0.19,0.21
2483,0.21,0,0,0,0
2484,0,0.71,0,0.09,0.12
2485,0.08,0,0,0,0
2486,0,0.25,0.01,0.22,0.33
2487,0.19,0,0,0,0
2488,0,0.71,0.01,0.14,0.07
2489,0.07,0,0,0,0
2490,0,0.19,0.29,0.17,0.18
2491,0.17,0,0,0,0
2492,0,0.21,0.16,0.2,0.22
2493,0.22,0,0,0,0
2494,0,0.52,0.03,0.16,0.15
2495,0.14,0,0,0,0
2496,0,0.2,0.19,0.19,0.21
2497,0.21,0,0,0,0
2498,0,0.2,0.19,0.19,0.21
2499,0.21,0,0,0,0
2500,0,0.96,0,0.01,0.02
2501,0.01,0,0,0,0
2502,0,0.2,0.19,0.19,0.21
2503,0.21,0,0,0,0
2504,0,0.2,0.19,0.19,0.21
2505,0.21,0,0,0,0
2506,0,0.18,0.17,0.14,0.3
2507,0.2,0,0,0,0
2508,0,0.19,0.2,0.2,0.21
2509,0.21,0,0,0,0
2510,0,0.79,0,0.06,0.09
2511,0.05,0,0,0,0
2512,0,0.34,0,0.19,0.29
2513,0.18,0,0,0,0
2514,0,0.19,0.02,0.15,0.33
2515,0.31,0,0,0,0
2516,0,0,0,0.37,0.23
2517,0.4,0,0,0,0
2518,0,0.28,0.02,0.2,0.27
2519,0.23,0,0,0,0
2520,0,0.27,0.1,0.2,0.22
2521,0.21,0,0,0,0
2522,0,0.2,0.19,0.19,0.21
2523,0.21,0,0,0,0
2524,0,0.2,0.19,0.19,0.21
2525,0.21,0,0,0,0
2526,0,0.35,0.01,0.2,0.23
2527,0.21,0,0,0,0
2528,0,0.14,0.25,0.22,0.19
2529,0.2,0,0,0,0
2530,0,0.11,0,0.25,0.36
2531,0.27,0,0,0,0
2532,0,0.17,0.02,0.25,0.31
2533,0.26,0,0,0,0
2534,0,0,0,0.16,0.66
2535,0.17,0,0,0,0
2536,0,0.21,0.18,0.19,0.21
2537,0.21,0,0,0,0
2538,0,0.25,0.1,0.21,0.22
2539,0.22,0,0,0,0
2540,0,0.2,0.19,0.19,0.21
2541,0.21,0,0,0,0
2542,0,0.26,0.22,0.17,0.18
2543,0.16,0,0,0,0
2544,0,0.19,0.21,0.18,0.22
2545,0.2,0,0,0,0
2546,0,0.26,0.09,0.2,0.23
2547,0.23,0,0,0,0
2548,0,0.2,0.19,0.19,0.21
2549,0.21,0,0,0,0
2550,0,0.34,0.1,0.18,0.19
2551,0.2,0,0,0,0
2552,0,0.2,0.19,0.19,0.21
2553,0.21,0,0,0,0
2554,0,0.2,0.19,0.19,0.21
2555,0.21,0,0,0,0
2556,0,0.09,0,0.27,0.4
2557,0.24,0,0,0,0
2558,0,0.15,0,0.23,0.43
2559,0.18,0,0,0,0
2560,0,0,0.02,0.16,0.61
2561,0.21,0,0,0,0
2562,0,0.2,0.19,0.19,0.21
2563,0.21,0,0,0,0
2564,0,0.2,0.24,0.18,0.19
2565,0.19,0,0,0,0
2566,0,0.46,0,0.17,0.2
2567,0.17,0,0,0,0
2568,0,0.25,0.01,0.22,0.32
2569,0.2,0,0,0,0
2570,0,0.2,0.19,0.19,0.21
2571,0.21,0,0,0,0
2572,0,0.1,0,0.17,0.62
2573,0.12,0,0,0,0
2574,0,0.2,0.19,0.19,0.21
2575,0.21,0,0,0,0
2576,0,0.2,0.19,0.19,0.21
2577,0.21,0,0,0,0
2578,0,0.09,0.54,0.1,0.13
2579,0.14,0,0,0,0
2580,0,0.26,0,0.2,0.38
2581,0.16,0,0,0,0
2582,0,0.06,0.64,0.08,0.1
2583,0.11,0,0,0,0
2584,0,0.16,0.01,0.25,0.34
2585,0.25,0,0,0,0
2586,0,0.03,0.84,0.03,0.06
2587,0.04,0,0,0,0
2588,0,0.2,0.19,0.19,0.21
2589,0.21,0,0,0,0
2590,0,0.2,0.19,0.19,0.21
2591,0.21,0,0,0,0
2592,0,0,0,0.27,0.14
2593,0.59,0,0,0,0
2594,0,0.2,0.19,0.19,0.21
2595,0.21,0,0,0,0
2596,0,0.5,0,0.14,0.2
2597,0.15,0,0,0,0
2598,0,0.2,0.19,0.19,0.21
2599,0.21,0,0,0,0
2600,0,0.2,0.19,0.19,0.21
2601,0.21,0,0,0,0
2602,0,0.2,0.11,0.21,0.24
2603,0.23,0,0,0,0
2604,0,0.14,0.57,0.12,0.09
2605,0.07,0,0,0,0
2606,0,0.2,0.19,0.19,0.21
2607,0.21,0,0,0,0
2608,0,0.58,0.04,0.1,0.2
2609,0.09,0,0,0,0
2610,0,0.34,0,0.19,0.28
2611,0.18,0,0,0,0
2612,0,0.09,0.6,0.07,0.14
2613,0.1,0,0,0,0
2614,0,0.25,0.01,0.22,0.33
2615,0.19,0,0,0,0
2616,0,0.23,0.09,0.21,0.25
2617,0.22,0,0,0,0
2618,0,0.2,0.19,0.19,0.21
2619,0.21,0,0,0,0
2620,0,0.21,0.16,0.2,0.22
2621,0.22,0,0,0,0
2622,0,0.37,0,0.13,0.42
2623,0.08,0,0,0,0
2624,0,0.03,0.61,0.08,0.16
2625,0.12,0,0,0,0
2626,0,0.19,0.04,0.24,0.28
2627,0.25,0,0,0,0
2628,0,0.2,0.19,0.19,0.21
2629,0.21,0,0,0,0
2630,0,0.2,0.19,0.19,0.21
2631,0.21,0,0,0,0
2632,0,0.2,0.19,0.19,0.21
2633,0.21,0,0,0,0
2634,0,0.2,0.19,0.19,0.21
2635,0.21,0,0,0,0
2636,0,0.03,0,0.2,0.47
2637,0.3,0,0,0,0
2638,0,0.51,0,0.18,0.16
2639,0.15,0,0,0,0
2640,0,0.2,0.19,0.19,0.21
2641,0.21,0,0,0,0
2642,0,0.09,0.26,0.3,0.16
2643,0.19,0,0,0,0
2644,0,0.2,0.19,0.19,0.21
2645,0.21,0,0,0,0
2646,0,0.2,0.19,0.19,0.21
2647,0.21,0,0,0,0
2648,0,0.2,0.19,0.19,0.21
2649,0.21,0,0,0,0
2650,0,0.13,0.01,0.24,0.34
2651,0.28,0,0,0,0
2652,0,0.25,0.01,0.22,0.34
2653,0.19,0,0,0,0
2654,0,0.2,0.19,0.19,0.21
2655,0.21,0,0,0,0
2656,0,0.2,0.09,0.22,0.25
2657,0.24,0,0,0,0
2658,0,0.08,0,0.25,0.4
2659,0.27,0,0,0,0
2660,0,0.71,0,0.09,0.13
2661,0.08,0,0,0,0
2662,0,0.08,0,0.25,0.41
2663,0.26,0,0,0,0
2664,0,0.09,0.13,0.23,0.2
2665,0.35,0,0,0,0
2666,0,0.2,0.19,0.19,0.21
2667,0.21,0,0,0,0
2668,0,0.2,0.19,0.19,0.21
2669,0.21,0,0,0,0
2670,0,0,0,0.18,0.08
2671,0.73,0,0,0,0
2672,0,0.2,0.19,0.19,0.21
2673,0.21,0,0,0,0
2674,0,0.03,0,0.22,0.17
2675,0.58,0,0,0,0
2676,0,0.14,0.35,0.14,0.18
2677,0.19,0,0,0,0
2678,0,0.2,0.19,0.19,0.21
2679,0.21,0,0,0,0
2680,0,0.2,0.19,0.19,0.21
2681,0.21,0,0,0,0
2682,0,0,0,0.28,0.24
2683,0.47,0,0,0,0
2684,0,0.09,0,0.23,0.47
2685,0.21,0,0,0,0
2686,0,0.2,0.19,0.19,0.21
2687,0.21,0,0,0,0
2688,0,0.51,0,0.09,0.26
2689,0.14,0,0,0,0
2690,0,0.53,0,0.11,0.23
2691,0.12,0,0,0,0
2692,0,0.2,0.19,0.19,0.21
2693,0.21,0,0,0,0
2694,0,0.2,0.19,0.19,0.21
2695,0.21,0,0,0,0
2696,0,0.2,0.19,0.19,0.21
2697,0.21,0,0,0,0
2698,0,0.09,0.43,0.11,0.18
2699,0.19,0,0,0,0
2700,0,0.2,0.19,0.19,0.21
2701,0.21,0,0,0,0
2702,0,0.66,0,0.1,0.18
2703,0.06,0,0,0,0
2704,0,0.15,0,0.25,0.32
2705,0.27,0,0,0,0
2706,0,0.2,0.19,0.19,0.21
2707,0.21,0,0,0,0
2708,0,0.2,0.19,0.19,0.21
2709,0.21,0,0,0,0
2710,0,0.2,0.19,0.19,0.21
2711,0.21,0,0,0,0
2712,0,0.2,0.19,0.19,0.21
2713,0.21,0,0,0,0
2714,0,0.01,0.9,0.02,0.03
2715,0.04,0,0,0,0
2716,0,0.06,0,0.25,0.43
2717,0.26,0,0,0,0
2718,0,0.03,0,0.24,0.49
2719,0.24,0,0,0,0
2720,0,0.2,0.19,0.19,0.21
2721,0.21,0,0,0,0
2722,0,0.2,0.19,0.19,0.21
2723,0.21,0,0,0,0
2724,0,0.2,0.19,0.19,0.21
2725,0.21,0,0,0,0
2726,0,0.02,0,0.28,0.46
2727,0.24,0,0,0,0
2728,0,0.02,0,0.18,0.49
2729,0.31,0,0,0,0
2730,0,0.1,0,0.24,0.42
2731,0.23,0,0,0,0
2732,0,0.28,0.13,0.19,0.21
2733,0.19,0,0,0,0
2734,0,0.26,0.08,0.21,0.23
2735,0.22,0,0,0,0
2736,0,0.12,0,0.24,0.4
2737,0.24,0,0,0,0
2738,0,0.2,0.19,0.19,0.21
2739,0.21,0,0,0,0
2740,0,0.2,0.19,0.19,0.21
2741,0.21,0,0,0,0
2742,0,0.3,0.01,0.21,0.23
2743,0.26,0,0,0,0
2744,0,0.2,0.19,0.19,0.21
2745,0.21,0,0,0,0
2746,0,0.03,0,0.18,0.52
2747,0.27,0,0,0,0
2748,0,0,0,0.18,0.08
2749,0.73,0,0,0,0
2750,0,0.1,0,0.19,0.54
2751,0.17,0,0,0,0
2752,0,0.2,0.19,0.19,0.21
2753,0.21,0,0,0,0
2754,0,0.3,0.03,0.21,0.24
2755,0.22,0,0,0,0
2756,0,0.3,0,0.2,0.32
2757,0.19,0,0,0,0
2758,0,0.09,0,0.23,0.39
2759,0.28,0,0,0,0
2760,0,0.2,0.19,0.19,0.21
2761,0.21,0,0,0,0
2762,0,0.27,0.13,0.19,0.21
2763,0.19,0,0,0,0
2764,0,0.49,0,0.19,0.18
2765,0.15,0,0,0,0
2766,0,0,0,0.34,0.09
2767,0.57,0,0,0,0
2768,0,0.01,0,0.16,0.51
2769,0.32,0,0,0,0
2770,0,0.28,0,0.17,0.3
2771,0.25,0,0,0,0
2772,0,0.25,0.18,0.17,0.19
2773,0.21,0,0,0,0
2774,0,0.02,0.49,0.25,0.09
2775,0.14,0,0,0,0
2776,0,0.02,0,0.21,0.44
2777,0.33,0,0,0,0
2778,0,0.2,0.18,0.19,0.21
2779,0.21,0,0,0,0
2780,0,0.59,0,0.15,0.12
2781,0.15,0,0,0,0
2782,0,0.08,0.58,0.09,0.12
2783,0.13,0,0,0,0
2784,0,0.2,0.19,0.19,0.21
2785,0.21,0,0,0,0
2786,0,0,0,0.45,0.2
2787,0.35,0,0,0,0
2788,0,0.2,0.19,0.19,0.21
2789,0.21,0,0,0,0
2790,0,0.03,0,0.13,0.79
2791,0.06,0,0,0,0
2792,0,0.33,0.1,0.19,0.21
2793,0.18,0,0,0,0
2794,0,0.11,0,0.25,0.37
2795,0.27,0,0,0,0
2796,0,0.95,0,0.02,0.03
2797,0.01,0,0,0,0
2798,0,0.09,0,0.2,0.51
2799,0.2,0,0,0,0
2800,0,0.21,0.17,0.19,0.22
2801,0.21,0,0,0,0
2802,0,0.15,0.28,0.17,0.18
2803,0.21,0,0,0,0
2804,0,0.2,0.19,0.19,0.21
2805,0.21,0,0,0,0
2806,0,0.12,0,0.24,0.4
2807,0.24,0,0,0,0
2808,0,0,0,0.3,0.12
2809,0.57,0,0,0,0
2810,0,0.2,0.19,0.19,0.21
2811,0.21,0,0,0,0
2812,0,0.2,0.19,0.19,0.21
2813,0.21,0,0,0,0
2814,0,0.15,0.01,0.25,0.32
2815,0.27,0,0,0,0
2816,0,0.2,0.19,0.19,0.21
2817,0.21,0,0,0,0
2818,0,0.24,0.03,0.22,0.29
2819,0.21,0,0,0,0
2820,0,0.2,0.19,0.19,0.21
2821,0.21,0,0,0,0
2822,0,0,0,0.24,0.55
2823,0.2,0,0,0,0
2824,0,0.24,0.03,0.22,0.29
2825,0.21,0,0,0,0
2826,0,0.01,0.43,0.19,0.2
2827,0.17,0,0,0,0
2828,0,0.2,0.19,0.19,0.21
2829,0.21,0,0,0,0
2830,0,0.6,0,0.12,0.16
2831,0.12,0,0,0,0
2832,0,0.2,0.19,0.19,0.21
2833,0.21,0,0,0,0
2834,0,0.2,0.19,0.19,0.21
2835,0.21,0,0,0,0
2836,0,0.2,0.3,0.16,0.16
2837,0.19,0,0,0,0
2838,0,0.2,0.19,0.19,0.21
2839,0.21,0,0,0,0
2840,0,0.2,0.19,0.19,0.21
2841,0.21,0,0,0,0
2842,0,0.2,0.19,0.19,0.21
2843,0.21,0,0,0,0
2844,0,0.01,0,0.21,0.27
2845,0.51,0,0,0,0
2846,0,0.2,0.19,0.19,0.21
2847,0.21,0,0,0,0
2848,0,0.28,0.01,0.23,0.25
2849,0.23,0,0,0,0
2850,0,0.02,0,0.13,0.24
2851,0.61,0,0,0,0
2852,0,0.2,0.19,0.19,0.21
2853,0.21,0,0,0,0
2854,0,0.02,0,0.18,0.11
2855,0.69,0,0,0,0
2856,0,0.2,0.19,0.19,0.21
2857,0.21,0,0,0,0
2858,0,0.15,0.01,0.25,0.33
2859,0.27,0,0,0,0
2860,0,0.23,0.24,0.16,0.17
2861,0.2,0,0,0,0
2862,0,0.15,0.14,0.21,0.22
2863,0.29,0,0,0,0
2864,0,0.3,0,0.16,0.3
2865,0.24,0,0,0,0
2866,0,0.23,0.1,0.21,0.25
2867,0.22,0,0,0,0
2868,0,0.28,0.12,0.17,0.19
2869,0.24,0,0,0,0
2870,0,0.76,0.01,0.07,0.06
2871,0.1,0,0,0,0
2872,0,0.2,0.19,0.19,0.21
2873,0.21,0,0,0,0
2874,0,0.2,0.19,0.19,0.21
2875,0.21,0,0,0,0
2876,0,0.08,0.06,0.2,0.35
2877,0.32,0,0,0,0
2878,0,0.2,0.19,0.19,0.21
2879,0.21,0,0,0,0
2880,0,0.33,0,0.14,0.44
2881,0.08,0,0,0,0
2882,0,0.04,0,0.32,0.18
2883,0.46,0,0,0,0
2884,0,0.2,0.19,0.19,0.21
2885,0.21,0,0,0,0
2886,0,0.2,0.01,0.24,0.32
2887,0.23,0,0,0,0
2888,0,0.31,0,0.18,0.23
2889,0.28,0,0,0,0
2890,0,0.32,0.06,0.2,0.22
2891,0.2,0,0,0,0
2892,0,0.11,0,0.25,0.36
2893,0.27,0,0,0,0
2894,0,0.7,0,0.07,0.17
2895,0.06,0,0,0,0
2896,0,0.2,0.19,0.19,0.21
2897,0.21,0,0,0,0
2898,0,0.11,0,0.25,0.37
2899,0.28,0,0,0,0
2900,0,0.09,0.52,0.11,0.14
2901,0.15,0,0,0,0
2902,0,0.27,0.01,0.21,0.32
2903,0.19,0,0,0,0
2904,0,0.38,0,0.08,0.33
2905,0.2,0,0,0,0
2906,0,0.01,0,0.25,0.22
2907,0.52,0,0,0,0
2908,0,0.2,0.19,0.19,0.21
2909,0.21,0,0,0,0
2910,0,0.2,0.27,0.16,0.16
2911,0.2,0,0,0,0
2912,0,0.2,0.19,0.19,0.21
2913,0.21,0,0,0,0
2914,0,0.31,0.02,0.21,0.28
2915,0.19,0,0,0,0
2916,0,0.2,0.2,0.19,0.2
2917,0.2,0,0,0,0
2918,0,0.1,0.36,0.12,0.18
2919,0.24,0,0,0,0
2920,0,0,0,0.29,0.22
2921,0.5,0,0,0,0
2922,0,0.2,0.19,0.19,0.21
2923,0.21,0,0,0,0
2924,0,0,0,0.29,0.2
2925,0.51,0,0,0,0
2926,0,0.2,0.19,0.19,0.21
2927,0.21,0,0,0,0
2928,0,0.2,0.19,0.19,0.21
2929,0.21,0,0,0,0
2930,0,0.28,0.18,0.17,0.17
2931,0.2,0,0,0,0
2932,0,0.2,0.19,0.19,0.21
2933,0.21,0,0,0,0
2934,0,0.16,0.23,0.21,0.2
2935,0.21,0,0,0,0
2936,0,0.2,0.19,0.19,0.21
2937,0.21,0,0,0,0
2938,0,0.2,0,0.23,0.38
2939,0.19,0,0,0,0
2940,0,0.2,0.19,0.19,0.21
2941,0.21,0,0,0,0
2942,0,0.32,0.17,0.16,0.17
2943,0.18,0,0,0,0
2944,0,0.01,0,0.15,0.58
2945,0.26,0,0,0,0
2946,0,0.2,0.2,0.19,0.2
2947,0.2,0,0,0,0
2948,0,0.2,0.19,0.19,0.21
2949,0.21,0,0,0,0
2950,0,0.2,0.19,0.19,0.21
2951,0.21,0,0,0,0
2952,0,0.2,0.19,0.19,0.21
2953,0.21,0,0,0,0
2954,0,0.55,0,0.12,0.27
2955,0.06,0,0,0,0
2956,0,0.4,0.02,0.18,0.21
2957,0.18,0,0,0,0
2958,0,0,0,0.22,0.56
2959,0.22,0,0,0,0
2960,0,0.12,0,0.24,0.4
2961,0.24,0,0,0,0
2962,0,0.11,0.46,0.12,0.15
2963,0.16,0,0,0,0
2964,0,0.03,0,0.24,0.49
2965,0.24,0,0,0,0
2966,0,0,0,0.13,0.65
2967,0.22,0,0,0,0
2968,0,0.2,0.19,0.19,0.21
2969,0.21,0,0,0,0
2970,0,0.14,0.37,0.14,0.17
2971,0.18,0,0,0,0
2972,0,0.04,0,0.24,0.47
2973,0.25,0,0,0,0
2974,0,0.2,0.19,0.19,0.21
2975,0.21,0,0,0,0
2976,0,0,0,0.33,0.11
2977,0.56,0,0,0,0
2978,0,0.24,0,0.19,0.18
2979,0.39,0,0,0,0
2980,0,0.2,0.19,0.19,0.21
2981,0.21,0,0,0,0
2982,0,0.01,0,0.21,0.55
2983,0.22,0,0,0,0
2984,0,0.2,0.19,0.19,0.21
2985,0.21,0,0,0,0
2986,0,0.48,0.01,0.16,0.19
2987,0.16,0,0,0,0
2988,0,0.06,0,0.09,0.15
2989,0.69,0,0,0,0
2990,0,0.33,0.03,0.21,0.21
2991,0.22,0,0,0,0
2992,0,0.51,0,0.17,0.18
2993,0.15,0,0,0,0
2994,0,0.2,0.19,0.19,0.21
2995,0.21,0,0,0,0
2996,0,0.2,0.19,0.19,0.21
2997,0.21,0,0,0,0
2998,0,0.64,0,0.1,0.15
2999,0.11,0,0,0,0
3000,0,0.01,0.06,0.34,0.33
3001,0.26,0,0,0,0
3002,0,0.18,0.25,0.17,0.2
3003,0.2,0,0,0,0
3004,0,0.15,0.01,0.25,0.32
3005,0.27,0,0,0,0
3006,0,0.13,0.4,0.14,0.16
3007,0.17,0,0,0,0
3008,0,0.3,0,0.2,0.23
3009,0.26,0,0,0,0
3010,0,0,0,0.27,0.06
3011,0.67,0,0,0,0
3012,0,0.01,0,0.17,0.59
3013,0.23,0,0,0,0
3014,0,0,0,0.24,0.52
3015,0.24,0,0,0,0
3016,0,0.24,0.02,0.22,0.3
3017,0.21,0,0,0,0
3018,0,0.2,0.19,0.19,0.21
3019,0.21,0,0,0,0
3020,0,0.2,0.19,0.19,0.21
3021,0.21,0,0,0,0
3022,0,0.02,0,0.17,0.18
3023,0.63,0,0,0,0
3024,0,0.13,0,0.25,0.35
3025,0.27,0,0,0,0
3026,0,0.2,0.19,0.19,0.21
3027,0.21,0,0,0,0
3028,0,0.81,0,0.05,0.09
3029,0.05,0,0,0,0
3030,0,0.2,0.19,0.19,0.21
3031,0.21,0,0,0,0
3032,0,0.04,0,0.23,0.53
3033,0.21,0,0,0,0
3034,0,0.18,0.14,0.2,0.23
3035,0.24,0,0,0,0
3036,0,0.2,0.19,0.19,0.21
3037,0.21,0,0,0,0
3038,0,0.21,0.13,0.21,0.23
3039,0.22,0,0,0,0
3040,0,0.03,0,0.22,0.53
3041,0.22,0,0,0,0
3042,0,0.05,0.01,0.15,0.16
3043,0.62,0,0,0,0
3044,0,0.2,0.12,0.21,0.24
3045,0.23,0,0,0,0
3046,0,0.2,0.19,0.19,0.21
3047,0.21,0,0,0,0
3048,0,0.44,0,0.2,0.19
3049,0.17,0,0,0,0
3050,0,0.2,0.19,0.19,0.21
3051,0.21,0,0,0,0
3052,0,0.23,0,0.2,0.45
3053,0.12,0,0,0,0
3054,0,0.2,0.19,0.19,0.21
3055,0.21,0,0,0,0
3056,0,0.5,0,0.19,0.18
3057,0.14,0,0,0,0
3058,0,0,0,0.18,0.08
3059,0.73,0,0,0,0
3060,0,0.39,0,0.14,0.37
3061,0.1,0,0,0,0
3062,0,0.18,0.4,0.13,0.13
3063,0.16,0,0,0,0
3064,0,0.2,0.19,0.19,0.21
3065,0.21,0,0,0,0
3066,0,0.2,0.19,0.19,0.21
3067,0.21,0,0,0,0
3068,0,0.01,0,0.21,0.56
3069,0.22,0,0,0,0
3070,0,0.31,0.1,0.18,0.2
3071,0.21,0,0,0,0
3072,0,0.2,0.19,0.19,0.21
3073,0.21,0,0,0,0
3074,0,0.06,0,0.24,0.47
3075,0.23,0,0,0,0
3076,0,0.34,0,0.12,0.32
3077,0.22,0,0,0,0
3078,0,0.04,0,0.13,0.12
3079,0.71,0,0,0,0
3080,0,0.48,0,0.19,0.18
3081,0.16,0,0,0,0
3082,0,0.23,0.11,0.21,0.22
3083,0.23,0,0,0,0
3084,0,0,0,0.4,0.2
3085,0.4,0,0,0,0
3086,0,0.87,0,0.06,0.03
3087,0.05,0,0,0,0
3088,0,0.18,0.03,0.24,0.29
3089,0.26,0,0,0,0
3090,0,0.15,0,0.18,0.39
3091,0.28,0,0,0,0
3092,0,0.56,0.01,0.15,0.14
3093,0.15,0,0,0,0
3094,0,0,0,0.16,0.26
3095,0.58,0,0,0,0
3096,0,0.15,0.15,0.2,0.27
3097,0.23,0,0,0,0
3098,0,0.03,0,0.24,0.49
3099,0.24,0,0,0,0
3100,0,0.33,0,0.16,0.39
3101,0.12,0,0,0,0
3102,0,0,0,0.21,0.65
3103,0.13,0,0,0,0
3104,0,0.2,0.19,0.19,0.21
3105,0.21,0,0,0,0
3106,0,0.2,0.19,0.19,0.21
3107,0.21,0,0,0,0
3108,0,0.2,0.19,0.19,0.21
3109,0.21,0,0,0,0
3110,0,0,0.97,0.01,0.01
3111,0.01,0,0,0,0
3112,0,0.22,0.05,0.23,0.28
3113,0.23,0,0,0,0
3114,0,0.32,0.02,0.2,0.24
3115,0.22,0,0,0,0
3116,0,0.42,0,0.16,0.28
3117,0.14,0,0,0,0
3118,0,0.03,0,0.23,0.51
3119,0.24,0,0,0,0
3120,0,0.2,0.19,0.19,0.21
3121,0.21,0,0,0,0
3122,0,0.2,0.19,0.19,0.21
3123,0.21,0,0,0,0
3124,0,0.2,0.19,0.19,0.21
3125,0.21,0,0,0,0
3126,0,0.4,0,0.19,0.2
3127,0.21,0,0,0,0
3128,0,0.24,0.05,0.22,0.28
3129,0.21,0,0,0,0
3130,0,0.21,0.46,0.11,0.12
3131,0.1,0,0,0,0
3132,0,0.04,0,0.19,0.47
3133,0.3,0,0,0,0
3134,0,0.2,0.19,0.19,0.21
3135,0.21,0,0,0,0
3136,0,0.17,0.02,0.25,0.31
3137,0.26,0,0,0,0
3138,0,0.14,0.57,0.12,0.09
3139,0.07,0,0,0,0
3140,0,0.18,0.03,0.24,0.29
3141,0.26,0,0,0,0
3142,0,0.24,0.02,0.22,0.3
3143,0.21,0,0,0,0
3144,0,0,0,0.46,0.45
3145,0.09,0,0,0,0
3146,0,0.2,0.19,0.19,0.21
3147,0.21,0,0,0,0
3148,0,0.2,0,0.08,0.55
3149,0.16,0,0,0,0
3150,0,0,0.01,0.13,0.22
3151,0.63,0,0,0,0
3152,0,0.2,0.19,0.19,0.21
3153,0.21,0,0,0,0
3154,0,0.2,0.19,0.19,0.21
3155,0.21,0,0,0,0
3156,0,0.01,0,0.12,0.81
3157,0.07,0,0,0,0
3158,0,0,0,0.31,0.19
3159,0.5,0,0,0,0
3160,0,0.2,0.19,0.19,0.21
3161,0.21,0,0,0,0
3162,0,0,0.04,0.17,0.59
3163,0.2,0,0,0,0
3164,0,0.22,0.16,0.2,0.21
3165,0.21,0,0,0,0
3166,0,0.27,0.02,0.2,0.27
3167,0.25,0,0,0,0
3168,0,0.02,0,0.23,0.52
3169,0.23,0,0,0,0
3170,0,0.2,0.19,0.19,0.21
3171,0.21,0,0,0,0
3172,0,0,0,0.35,0.36
3173,0.29,0,0,0,0
3174,0,0.2,0.19,0.19,0.21
3175,0.21,0,0,0,0
3176,0,0.35,0,0.08,0.33
3177,0.23,0,0,0,0
3178,0,0.2,0.19,0.19,0.21
3179,0.21,0,0,0,0
3180,0,0.31,0.02,0.22,0.23
3181,0.22,0,0,0,0
3182,0,0.2,0.19,0.19,0.21
3183,0.21,0,0,0,0
3184,0,0.2,0.19,0.19,0.21
3185,0.21,0,0,0,0
3186,0,0.23,0.08,0.21,0.25
3187,0.22,0,0,0,0
3188,0,0.2,0.19,0.19,0.21
3189,0.21,0,0,0,0
3190,0,0.68,0,0.08,0.16
3191,0.08,0,0,0,0
3192,0,0.2,0.19,0.19,0.21
3193,0.21,0,0,0,0
3194,0,0.24,0.02,0.22,0.3
3195,0.21,0,0,0,0
3196,0,0.09,0.52,0.11,0.14
3197,0.15,0,0,0,0
3198,0,0.26,0.2,0.16,0.09
3199,0.29,0,0,0,0
3200,0,0.2,0.19,0.19,0.21
3201,0.21,0,0,0,0
3202,0,0.14,0.36,0.15,0.17
3203,0.18,0,0,0,0
3204,0,0.42,0,0.2,0.2
3205,0.18,0,0,0,0
3206,0,0.2,0.19,0.19,0.21
3207,0.21,0,0,0,0
3208,0,0.2,0.24,0.18,0.19
3209,0.19,0,0,0,0
3210,0,0.24,0,0.21,0.42
3211,0.14,0,0,0,0
3212,0,0.68,0,0.08,0.16
3213,0.08,0,0,0,0
3214,0,0.01,0,0.28,0.18
3215,0.54,0,0,0,0
3216,0,0.3,0.03,0.22,0.23
3217,0.22,0,0,0,0
3218,0,0.12,0,0.15,0.42
3219,0.31,0,0,0,0
3220,0,0.34,0.05,0.19,0.22
3221,0.2,0,0,0,0
3222,0,0.2,0.19,0.19,0.21
3223,0.21,0,0,0,0
3224,0,0.2,0.19,0.19,0.21
3225,0.21,0,0,0,0
3226,0,0.2,0.19,0.19,0.21
3227,0.21,0,0,0,0
3228,0,0.08,0,0.25,0.4
3229,0.27,0,0,0,0
3230,0,0.2,0.19,0.19,0.21
3231,0.21,0,0,0,0
3232,0,0.2,0.19,0.19,0.21
3233,0.21,0,0,0,0
3234,0,0.08,0,0.25,0.4
3235,0.27,0,0,0,0
3236,0,0.11,0,0.19,0.61
3237,0.1,0,0,0,0
3238,0,0.1,0.74,0.06,0.05
3239,0.05,0,0,0,0
3240,0,0.2,0.19,0.19,0.21
3241,0.21,0,0,0,0
3242,0,0.2,0.19,0.19,0.21
3243,0.21,0,0,0,0
3244,0,0.2,0.19,0.19,0.21
3245,0.21,0,0,0,0
3246,0,0.25,0.07,0.2,0.23
3247,0.24,0,0,0,0
3248,0,0.3,0.12,0.2,0.19
3249,0.2,0,0,0,0
3250,0,0.2,0.19,0.19,0.21
3251,0.21,0,0,0,0
3252,0,0.2,0.19,0.19,0.21
3253,0.21,0,0,0,0
3254,0,0.08,0,0.21,0.41
3255,0.3,0,0,0,0
3256,0,0.2,0.19,0.19,0.21
3257,0.21,0,0,0,0
3258,0,0.2,0.19,0.19,0.21
3259,0.21,0,0,0,0
3260,0,0.25,0.06,0.21,0.25
3261,0.24,0,0,0,0
3262,0,0.2,0.19,0.19,0.21
3263,0.21,0,0,0,0
3264,0,0.12,0,0.24,0.4
3265,0.24,0,0,0,0
3266,0,0.3,0.06,0.19,0.23
3267,0.21,0,0,0,0
3268,0,0,0,0.31,0.12
3269,0.57,0,0,0,0
3270,0,0.33,0,0.13,0.47
3271,0.07,0,0,0,0
3272,0,0.2,0.19,0.19,0.21
3273,0.21,0,0,0,0
3274,0,0.34,0,0.12,0.31
3275,0.22,0,0,0,0
3276,0,0,0.97,0.01,0.01
3277,0.01,0,0,0,0
3278,0,0.2,0.19,0.19,0.21
3279,0.21,0,0,0,0
3280,0,0.22,0.1,0.19,0.24
3281,0.24,0,0,0,0
3282,0,0.2,0.19,0.19,0.21
3283,0.21,0,0,0,0
3284,0,0.2,0.19,0.19,0.21
3285,0.21,0,0,0,0
3286,0,0,0,0.45,0.44
3287,0.11,0,0,0,0
3288,0,0.2,0.27,0.17,0.17
3289,0.19,0,0,0,0
3290,0,0.2,0.19,0.19,0.21
3291,0.21,0,0,0,0
3292,0,0.2,0.19,0.19,0.21
3293,0.21,0,0,0,0
3294,0,0.04,0,0.19,0.61
3295,0.16,0,0,0,0
3296,0,0.2,0.19,0.19,0.21
3297,0.21,0,0,0,0
3298,0,0.19,0.31,0.16,0.16
3299,0.18,0,0,0,0
3300,0,0.28,0.02,0.2,0.27
3301,0.23,0,0,0,0
3302,0,0.15,0.01,0.25,0.32
3303,0.27,0,0,0,0
3304,0,0.1,0.3,0.15,0.22
3305,0.24,0,0,0,0
3306,0,0.2,0.19,0.19,0.21
3307,0.21,0,0,0,0
3308,0,0.2,0.19,0.19,0.21
3309,0.21,0,0,0,0
3310,0,0.2,0.19,0.19,0.21
3311,0.21,0,0,0,0
3312,0,0.25,0.01,0.22,0.33
3313,0.19,0,0,0,0
3314,0,0.45,0,0.04,0.49
3315,0.03,0,0,0,0
3316,0,0.2,0.19,0.19,0.21
3317,0.21,0,0,0,0
3318,0,0.2,0.19,0.19,0.21
3319,0.21,0,0,0,0
3320,0,0,0,0.24,0.55
3321,0.2,0,0,0,0
3322,0,0.23,0.07,0.22,0.26
3323,0.22,0,0,0,0
3324,0,0.24,0.02,0.22,0.3
3325,0.21,0,0,0,0
3326,0,0.06,0.67,0.07,0.11
3327,0.09,0,0,0,0
3328,0,0.2,0.19,0.19,0.21
3329,0.21,0,0,0,0
3330,0,0.18,0.17,0.2,0.21
3331,0.24,0,0,0,0
3332,0,0.04,0.53,0.13,0.14
3333,0.15,0,0,0,0
3334,0,0.07,0,0.25,0.42
3335,0.26,0,0,0,0
3336,0,0.04,0.02,0.43,0.21
3337,0.29,0,0,0,0
3338,0,0.25,0,0.18,0.32
3339,0.25,0,0,0,0
3340,0,0.19,0.03,0.24,0.29
3341,0.26,0,0,0,0
3342,0,0.9,0,0.03,0.04
3343,0.02,0,0,0,0
3344,0,0.25,0.01,0.22,0.34
3345,0.19,0,0,0,0
3346,0,0.13,0,0.18,0.6
3347,0.1,0,0,0,0
3348,0,0.62,0,0.09,0.23
3349,0.07,0,0,0,0
3350,0,0.2,0.19,0.19,0.21
3351,0.21,0,0,0,0
3352,0,0.09,0,0.25,0.4
3353,0.26,0,0,0,0
3354,0,0.92,0,0.03,0.01
3355,0.03,0,0,0,0
3356,0,0.25,0.01,0.22,0.32
3357,0.2,0,0,0,0
3358,0,0.3,0.03,0.22,0.21
3359,0.23,0,0,0,0
3360,0,0.07,0.07,0.21,0.2
3361,0.46,0,0,0,0
3362,0,0,0,0.35,0.21
3363,0.44,0,0,0,0
3364,0,0.2,0.19,0.19,0.21
3365,0.21,0,0,0,0
3366,0,0.2,0.19,0.19,0.21
3367,0.21,0,0,0,0
3368,0,0.2,0.19,0.19,0.21
3369,0.21,0,0,0,0
3370,0,0.2,0.12,0.21,0.24
3371,0.23,0,0,0,0
3372,0,0.02,0.86,0.03,0.05
3373,0.04,0,0,0,0
3374,0,0.2,0.2,0.19,0.2
3375,0.2,0,0,0,0
3376,0,0.2,0.19,0.19,0.21
3377,0.21,0,0,0,0
3378,0,0.4,0,0.18,0.22
3379,0.19,0,0,0,0
3380,0,0.1,0,0.19,0.53
3381,0.18,0,0,0,0
3382,0,0,0,0.39,0.34
3383,0.27,0,0,0,0
3384,0,0,0,0.23,0.27
3385,0.5,0,0,0,0
3386,0,0.2,0.19,0.19,0.21
3387,0.21,0,0,0,0
3388,0,0.2,0.19,0.19,0.21
3389,0.21,0,0,0,0
3390,0,0,0,0.37,0.23
3391,0.4,0,0,0,0
3392,0,0.31,0,0.31,0.25
3393,0.14,0,0,0,0
3394,0,0,0.01,0.25,0.19
3395,0.55,0,0,0,0
3396,0,0.25,0.15,0.19,0.21
3397,0.2,0,0,0,0
3398,0,0,0,0.15,0.61
3399,0.24,0,0,0,0
3400,0,0,0,0.13,0.74
3401,0.13,0,0,0,0
3402,0,0.36,0.01,0.21,0.21
3403,0.2,0,0,0,0
3404,0,0.26,0.08,0.21,0.23
3405,0.22,0,0,0,0
3406,0,0.2,0.19,0.19,0.21
3407,0.21,0,0,0,0
3408,0,0.27,0.07,0.22,0.23
3409,0.22,0,0,0,0
3410,0,0.2,0.19,0.19,0.21
3411,0.21,0,0,0,0
3412,0,0.2,0.19,0.19,0.21
3413,0.21,0,0,0,0
3414,0,0.2,0.19,0.19,0.21
3415,0.21,0,0,0,0
3416,0,0.2,0.19,0.19,0.21
3417,0.21,0,0,0,0
3418,0,0.19,0.35,0.14,0.14
3419,0.17,0,0,0,0
3420,0,0.48,0,0.11,0.34
3421,0.07,0,0,0,0
3422,0,0.2,0.19,0.19,0.21
3423,0.21,0,0,0,0
3424,0,0.03,0,0.28,0.44
3425,0.25,0,0,0,0
3426,0,0.2,0.19,0.19,0.21
3427,0.21,0,0,0,0
3428,0,0.2,0.19,0.19,0.21
3429,0.21,0,0,0,0
3430,0,0.2,0.19,0.19,0.21
3431,0.21,0,0,0,0
3432,0,0.2,0.19,0.19,0.21
3433,0.21,0,0,0,0
3434,0,0.2,0.19,0.19,0.21
3435,0.21,0,0,0,0
3436,0,0.2,0.08,0.22,0.26
3437,0.24,0,0,0,0
3438,0,0.4,0,0.18,0.23
3439,0.2,0,0,0,0
3440,0,0.15,0.33,0.15,0.19
3441,0.18,0,0,0,0
3442,0,0.13,0.39,0.14,0.17
3443,0.17,0,0,0,0
3444,0,0.2,0.19,0.19,0.21
3445,0.21,0,0,0,0
3446,0,0.2,0.19,0.19,0.21
3447,0.21,0,0,0,0
3448,0,0.27,0.1,0.2,0.22
3449,0.21,0,0,0,0
3450,0,0.2,0.19,0.19,0.21
3451,0.21,0,0,0,0
3452,0,0.11,0,0.25,0.36
3453,0.27,0,0,0,0
3454,0,0.42,0,0.2,0.2
3455,0.18,0,0,0,0
3456,0,0.2,0.19,0.19,0.21
3457,0.21,0,0,0,0
3458,0,0.34,0,0.19,0.21
3459,0.26,0,0,0,0
3460,0,0.18,0,0.16,0.08
3461,0.58,0,0,0,0
3462,0,0.2,0.19,0.19,0.21
3463,0.21,0,0,0,0
3464,0,0,0,0.16,0.71
3465,0.12,0,0,0,0
3466,0,0.24,0.04,0.22,0.29
3467,0.21,0,0,0,0
3468,0,0.2,0.19,0.19,0.21
3469,0.21,0,0,0,0
3470,0,0.2,0,0.33,0.23
3471,0.23,0,0,0,0
3472,0,0.22,0.13,0.21,0.23
3473,0.22,0,0,0,0
3474,0,0.19,0.34,0.15,0.15
3475,0.18,0,0,0,0
3476,0,0.2,0.19,0.19,0.21
3477,0.21,0,0,0,0
3478,0,0.2,0.19,0.19,0.21
3479,0.21,0,0,0,0
3480,0,0.15,0,0.22,0.34
3481,0.28,0,0,0,0
3482,0,0.2,0.19,0.19,0.21
3483,0.21,0,0,0,0
3484,0,0.02,0,0.15,0.72
3485,0.11,0,0,0,0
3486,0,0.2,0.24,0.18,0.19
3487,0.19,0,0,0,0
3488,0,0.2,0.19,0.19,0.21
3489,0.21,0,0,0,0
3490,0,0.2,0.19,0.19,0.21
3491,0.21,0,0,0,0
3492,0,0.06,0,0.3,0.16
3493,0.47,0,0,0,0
3494,0,0.19,0.04,0.24,0.28
3495,0.25,0,0,0,0
3496,0,0.2,0.19,0.19,0.21
3497,0.21,0,0,0,0
3498,0,0.1,0,0.22,0.09
3499,0.59,0,0,0,0
3500,0,0.46,0,0.16,0.21
3501,0.17,0,0,0,0
3502,0,1,0,0,0
3503,0,0,0,0,0
3504,0,0.2,0.19,0.19,0.21
3505,0.21,0,0,0,0
3506,0,0.27,0.03,0.21,0.25
3507,0.24,0,0,0,0
3508,0,0,0,0.28,0.28
3509,0.43,0,0,0,0
3510,0,0.2,0.19,0.19,0.21
3511,0.21,0,0,0,0
3512,0,0.2,0.19,0.19,0.21
3513,0.21,0,0,0,0
3514,0,0.11,0,0.38,0.19
3515,0.31,0,0,0,0
3516,0,0.13,0,0.14,0.46
3517,0.28,0,0,0,0
3518,0,0.19,0.31,0.16,0.16
3519,0.18,0,0,0,0
3520,0,0.2,0.19,0.19,0.21
3521,0.21,0,0,0,0
3522,0,0.02,0,0.22,0.54
3523,0.23,0,0,0,0
3524,0,0.2,0.19,0.19,0.21
3525,0.21,0,0,0,0
3526,0,0.02,0.09,0.13,0.4
3527,0.36,0,0,0,0
3528,0,0.49,0,0.14,0.19
3529,0.17,0,0,0,0
3530,0,0.23,0.13,0.2,0.22
3531,0.22,0,0,0,0
3532,0,0.31,0.02,0.21,0.24
3533,0.22,0,0,0,0
3534,0,0.13,0.29,0.19,0.19
3535,0.2,0,0,0,0
3536,0,0,0,0.05,0.91
3537,0.04,0,0,0,0
3538,0,0.2,0.1,0.22,0.24
3539,0.23,0,0,0,0
3540,0,0.2,0.21,0.19,0.2
3541,0.2,0,0,0,0
3542,0,0,0.98,0,0.01
3543,0.01,0,0,0,0
3544,0,0.24,0.03,0.22,0.29
3545,0.21,0,0,0,0
3546,0,0.01,0.06,0.35,0.33
3547,0.25,0,0,0,0
3548,0,0.22,0.14,0.2,0.23
3549,0.21,0,0,0,0
3550,0,0.26,0.04,0.22,0.23
3551,0.25,0,0,0,0
3552,0,0.2,0.19,0.19,0.21
3553,0.21,0,0,0,0
3554,0,0.01,0,0.16,0.09
3555,0.74,0,0,0,0
3556,0,0,0,0.09,0.23
3557,0.68,0,0,0,0
3558,0,0.22,0.02,0.23,0.28
3559,0.25,0,0,0,0
3560,0,0.2,0.19,0.19,0.21
3561,0.21,0,0,0,0
3562,0,0.16,0.05,0.19,0.31
3563,0.29,0,0,0,0
3564,0,0.57,0,0.13,0.17
3565,0.13,0,0,0,0
3566,0,0,0,0.11,0.78
3567,0.11,0,0,0,0
3568,0,0.22,0.11,0.21,0.24
3569,0.22,0,0,0,0
3570,0,0.29,0.04,0.22,0.23
3571,0.22,0,0,0,0
3572,0,0,0,0.39,0.44
3573,0.17,0,0,0,0
3574,0,0.2,0.19,0.19,0.21
3575,0.21,0,0,0,0
3576,0,0.2,0.19,0.19,0.21
3577,0.21,0,0,0,0
3578,0,0.2,0.19,0.19,0.21
3579,0.21,0,0,0,0
3580,0,0.06,0,0.22,0.07
3581,0.65,0,0,0,0
3582,0,0.31,0,0.19,0.33
3583,0.16,0,0,0,0
3584,0,0.2,0.19,0.19,0.21
3585,0.21,0,0,0,0
3586,0,0.2,0.19,0.19,0.21
3587,0.21,0,0,0,0
3588,0,0.07,0,0.25,0.41
3589,0.26,0,0,0,0
3590,0,0.2,0.19,0.19,0.21
3591,0.21,0,0,0,0
3592,0,0.2,0.19,0.19,0.21
3593,0.21,0,0,0,0
3594,0,0.2,0.2,0.19,0.2
3595,0.2,0,0,0,0
3596,0,0.17,0.16,0.2,0.21
3597,0.25,0,0,0,0
3598,0,0.2,0.19,0.19,0.21
3599,0.21,0,0,0,0
3600,0,0.06,0.64,0.08,0.1
3601,0.11,0,0,0,0
3602,0,0.29,0.02,0.2,0.23
3603,0.26,0,0,0,0
3604,0,0.2,0.19,0.19,0.21
3605,0.21,0,0,0,0
3606,0,0.14,0.08,0.22,0.3
3607,0.27,0,0,0,0
3608,0,0.18,0.14,0.17,0.24
3609,0.26,0,0,0,0
3610,0,0.32,0.17,0.16,0.17
3611,0.18,0,0,0,0
3612,0,0,0,0.22,0.08
3613,0.7,0,0,0,0
3614,0,0.02,0.51,0.07,0.2
3615,0.2,0,0,0,0
3616,0,0.2,0.19,0.19,0.21
3617,0.21,0,0,0,0
3618,0,0.06,0.64,0.08,0.1
3619,0.11,0,0,0,0
3620,0,0.2,0.19,0.19,0.21
3621,0.21,0,0,0,0
3622,0,0.02,0.52,0.25,0.09
3623,0.13,0,0,0,0
3624,0,0.1,0,0.24,0.53
3625,0.13,0,0,0,0
3626,0,0.2,0.19,0.19,0.21
3627,0.21,0,0,0,0
3628,0,0.33,0.03,0.21,0.21
3629,0.22,0,0,0,0
3630,0,0.2,0.19,0.19,0.21
3631,0.21,0,0,0,0
3632,0,0.18,0.02,0.13,0.41
3633,0.26,0,0,0,0
3634,0,0.01,0,0.06,0.9
3635,0.02,0,0,0,0
3636,0,0.05,0.61,0.11,0.1
3637,0.12,0,0,0,0
3638,0,0.12,0.42,0.13,0.16
3639,0.17,0,0,0,0
3640,0,0.1,0.34,0.16,0.22
3641,0.17,0,0,0,0
3642,0,0.39,0,0.21,0.21
3643,0.19,0,0,0,0
3644,0,0.2,0.19,0.19,0.21
3645,0.21,0,0,0,0
3646,0,0.79,0,0.06,0.12
3647,0.03,0,0,0,0
3648,0,0.2,0.19,0.19,0.21
3649,0.21,0,0,0,0
3650,0,0.86,0,0.05,0.05
3651,0.03,0,0,0,0
3652,0,0,0,0.38,0.28
3653,0.33,0,0,0,0
3654,0,0.79,0,0.05,0.1
3655,0.06,0,0,0,0
3656,0,0.2,0.19,0.19,0.21
3657,0.21,0,0,0,0
3658,0,0.17,0.02,0.25,0.3
3659,0.26,0,0,0,0
3660,0,0,0,0.22,0.08
3661,0.7,0,0,0,0
3662,0,0,0,0.12,0.29
3663,0.59,0,0,0,0
3664,0,0.53,0,0.13,0.23
3665,0.11,0,0,0,0
3666,0,0.34,0,0.12,0.32
3667,0.22,0,0,0,0
3668,0,0.28,0.18,0.17,0.17
3669,0.2,0,0,0,0
3670,0,0.2,0.22,0.19,0.2
3671,0.2,0,0,0,0
3672,0,0.2,0.19,0.19,0.21
3673,0.21,0,0,0,0
3674,0,0.2,0.19,0.19,0.21
3675,0.21,0,0,0,0
3676,0,0.14,0.36,0.15,0.17
3677,0.18,0,0,0,0
3678,0,0.31,0.1,0.19,0.21
3679,0.18,0,0,0,0
3680,0,0.14,0.08,0.22,0.24
3681,0.33,0,0,0,0
3682,0,0.21,0,0.18,0.38
3683,0.23,0,0,0,0
3684,0,0,0,0.15,0.14
3685,0.7,0,0,0,0
3686,0,0.31,0,0.15,0.3
3687,0.24,0,0,0,0
3688,0,0.15,0.01,0.25,0.32
3689,0.27,0,0,0,0
3690,0,0.2,0.19,0.19,0.21
3691,0.21,0,0,0,0
3692,0,0,0,0.2,0.43
3693,0.36,0,0,0,0
3694,0,0.2,0.27,0.17,0.17
3695,0.19,0,0,0,0
3696,0,0.03,0,0.49,0.24
3697,0.24,0,0,0,0
3698,0,0.2,0.19,0.19,0.21
3699,0.21,0,0,0,0
3700,0,0.25,0.02,0.22,0.31
3701,0.2,0,0,0,0
3702,0,0.26,0.11,0.2,0.22
3703,0.21,0,0,0,0
3704,0,0,0,0.21,0.33
3705,0.46,0,0,0,0
3706,0,0.37,0.03,0.19,0.22
3707,0.19,0,0,0,0
3708,0,0.27,0.1,0.19,0.22
3709,0.21,0,0,0,0
3710,0,0.2,0.19,0.19,0.21
3711,0.21,0,0,0,0
3712,0,0.2,0.19,0.19,0.21
3713,0.21,0,0,0,0
3714,0,0.2,0.19,0.19,0.21
3715,0.21,0,0,0,0
3716,0,0.3,0.06,0.19,0.23
3717,0.21,0,0,0,0
3718,0,0.21,0.01,0.23,0.32
3719,0.24,0,0,0,0
3720,0,0.2,0.19,0.19,0.21
3721,0.21,0,0,0,0
3722,0,0.2,0.19,0.19,0.21
3723,0.21,0,0,0,0
3724,0,0.81,0,0.06,0.07
3725,0.06,0,0,0,0
3726,0,0.49,0,0.14,0.19
3727,0.17,0,0,0,0
3728,0,0.12,0.11,0.21,0.21
3729,0.34,0,0,0,0
3730,0,0.23,0.33,0.15,0.14
3731,0.15,0,0,0,0
3732,0,0.45,0,0.16,0.21
3733,0.17,0,0,0,0
3734,0,0.2,0.19,0.19,0.21
3735,0.21,0,0,0,0
3736,0,0.08,0.33,0.24,0.16
3737,0.19,0,0,0,0
3738,0,0.2,0.19,0.19,0.21
3739,0.21,0,0,0,0
3740,0,0,0,0.41,0.31
3741,0.28,0,0,0,0
3742,0,0.26,0,0.19,0.28
3743,0.26,0,0,0,0
3744,0,0.09,0,0.25,0.39
3745,0.27,0,0,0,0
3746,0,0.24,0,0.22,0.36
3747,0.18,0,0,0,0
3748,0,0.4,0,0.18,0.22
3749,0.19,0,0,0,0
3750,0,0.14,0.35,0.15,0.15
3751,0.21,0,0,0,0
3752,0,0.22,0.13,0.2,0.23
3753,0.21,0,0,0,0
3754,0,0.2,0.19,0.19,0.21
3755,0.21,0,0,0,0
3756,0,0.2,0.19,0.19,0.21
3757,0.21,0,0,0,0
3758,0,0.42,0.05,0.14,0.24
3759,0.15,0,0,0,0
3760,0,0.95,0,0.01,0.02
3761,0.01,0,0,0,0
3762,0,0.01,0,0.21,0.56
3763,0.21,0,0,0,0
3764,0,0.2,0.19,0.19,0.21
3765,0.21,0,0,0,0
3766,0,0.06,0.22,0.17,0.17
3767,0.39,0,0,0,0
3768,0,0.6,0,0.15,0.12
3769,0.13,0,0,0,0
3770,0,0.04,0,0.09,0.07
3771,0.79,0,0,0,0
3772,0,0.11,0,0.26,0.26
3773,0.37,0,0,0,0
3774,0,0.05,0,0.14,0.71
3775,0.11,0,0,0,0
3776,0,0.2,0.19,0.19,0.21
3777,0.21,0,0,0,0
3778,0,0.49,0.04,0.16,0.18
3779,0.13,0,0,0,0
3780,0,0,0.98,0.01,0.01
3781,0.01,0,0,0,0
3782,0,0.2,0.19,0.19,0.21
3783,0.21,0,0,0,0
3784,0,0.09,0.45,0.13,0.13
3785,0.2,0,0,0,0
3786,0,0.18,0.41,0.08,0.22
3787,0.12,0,0,0,0
3788,0,0.09,0.56,0.1,0.14
3789,0.12,0,0,0,0
3790,0,0.2,0.19,0.19,0.21
3791,0.21,0,0,0,0
3792,0,0.2,0.19,0.19,0.21
3793,0.21,0,0,0,0
3794,0,0,0,0.27,0.46
3795,0.27,0,0,0,0
3796,0,0.09,0,0.25,0.39
3797,0.27,0,0,0,0
3798,0,0.43,0,0.18,0.21
3799,0.18,0,0,0,0
3800,0,0,0,0.02,0.98
3801,0,0,0,0,0
3802,0,0.28,0.18,0.17,0.18
3803,0.19,0,0,0,0
3804,0,0.27,0,0.18,0.42
3805,0.12,0,0,0,0
3806,0,0.2,0.01,0.23,0.3
3807,0.26,0,0,0,0
3808,0,0.05,0,0.25,0.45
3809,0.25,0,0,0,0
3810,0,0.2,0.19,0.19,0.21
3811,0.21,0,0,0,0
3812,0,0.28,0.18,0.17,0.17
3813,0.2,0,0,0,0
3814,0,0.48,0.02,0.14,0.22
3815,0.15,0,0,0,0
3816,0,0.73,0,0.07,0.12
3817,0.08,0,0,0,0
3818,0,0.01,0,0.15,0.64
3819,0.2,0,0,0,0
3820,0,0.15,0.01,0.25,0.32
3821,0.27,0,0,0,0
3822,0,0.06,0,0.25,0.42
3823,0.26,0,0,0,0
3824,0,0.08,0,0.25,0.4
3825,0.27,0,0,0,0
3826,0,0.32,0.06,0.2,0.22
3827,0.2,0,0,0,0
3828,0,0,0,0.17,0.14
3829,0.68,0,0,0,0
3830,0,0.2,0.19,0.19,0.21
3831,0.21,0,0,0,0
3832,0,0.21,0.17,0.2,0.22
3833,0.21,0,0,0,0
3834,0,0,0,0.31,0.23
3835,0.47,0,0,0,0
3836,0,0.26,0.02,0.23,0.26
3837,0.23,0,0,0,0
3838,0,0.2,0.19,0.19,0.21
3839,0.21,0,0,0,0
3840,0,0.2,0.19,0.19,0.21
3841,0.21,0,0,0,0
3842,0,0.33,0.01,0.22,0.22
3843,0.22,0,0,0,0
3844,0,0.06,0.66,0.07,0.1
3845,0.11,0,0,0,0
3846,0,0.32,0.06,0.2,0.22
3847,0.2,0,0,0,0
3848,0,0.13,0,0.25,0.34
3849,0.27,0,0,0,0
3850,0,0.22,0.12,0.21,0.24
3851,0.21,0,0,0,0
3852,0,0.2,0.19,0.19,0.21
3853,0.21,0,0,0,0
3854,0,0.2,0.19,0.19,0.21
3855,0.21,0,0,0,0
3856,0,0.09,0.52,0.11,0.14
3857,0.15,0,0,0,0
3858,0,0.2,0.19,0.19,0.21
3859,0.21,0,0,0,0
3860,0,0.2,0.19,0.19,0.21
3861,0.21,0,0,0,0
3862,0,0.2,0.19,0.19,0.21
3863,0.21,0,0,0,0
3864,0,0.33,0,0.27,0.18
3865,0.23,0,0,0,0
3866,0,0,0,0.19,0.18
3867,0.62,0,0,0,0
3868,0,0.2,0.19,0.19,0.21
3869,0.21,0,0,0,0
3870,0,0.68,0,0.08,0.13
3871,0.1,0,0,0,0
3872,0,0.03,0,0.23,0.5
3873,0.23,0,0,0,0
3874,0,0.26,0.09,0.2,0.23
3875,0.23,0,0,0,0
3876,0,0.2,0.19,0.19,0.21
3877,0.21,0,0,0,0
3878,0,0.2,0.19,0.19,0.21
3879,0.21,0,0,0,0
3880,0,0,0,0.25,0.22
3881,0.54,0,0,0,0
3882,0,0.47,0.01,0.17,0.2
3883,0.16,0,0,0,0
3884,0,0.25,0.02,0.22,0.31
3885,0.2,0,0,0,0
3886,0,0.23,0,0.19,0.47
3887,0.12,0,0,0,0
3888,0,0.39,0.03,0.18,0.23
3889,0.18,0,0,0,0
3890,0,0.08,0,0.25,0.4
3891,0.27,0,0,0,0
3892,0,0.2,0.19,0.19,0.21
3893,0.21,0,0,0,0
3894,0,0.69,0,0.1,0.13
3895,0.08,0,0,0,0
3896,0,0.28,0.01,0.18,0.28
3897,0.25,0,0,0,0
3898,0,0.2,0.19,0.19,0.21
3899,0.21,0,0,0,0
3900,0,0.55,0,0.1,0.27
3901,0.07,0,0,0,0
3902,0,0.01,0,0.24,0.66
3903,0.09,0,0,0,0
3904,0,0.37,0,0.19,0.23
3905,0.2,0,0,0,0
3906,0,0.36,0,0.14,0.22
3907,0.27,0,0,0,0
3908,0,0,0.01,0.38,0.13
3909,0.48,0,0,0,0
3910,0,0.2,0.24,0.18,0.19
3911,0.19,0,0,0,0
3912,0,0.58,0,0.03,0.29
3913,0.1,0,0,0,0
3914,0,0.18,0.34,0.16,0.17
3915,0.15,0,0,0,0
3916,0,0.2,0.19,0.19,0.21
3917,0.21,0,0,0,0
3918,0,0.27,0.04,0.2,0.24
3919,0.25,0,0,0,0
3920,0,0,0,0.37,0.23
3921,0.4,0,0,0,0
3922,0,0,0,0.58,0.24
3923,0.17,0,0,0,0
3924,0,0.2,0.28,0.16,0.17
3925,0.19,0,0,0,0
3926,0,0.2,0.19,0.19,0.21
3927,0.21,0,0,0,0
3928,0,0.09,0,0.23,0.47
3929,0.21,0,0,0,0
3930,0,0.23,0.1,0.21,0.25
3931,0.22,0,0,0,0
3932,0,0.23,0.03,0.23,0.3
3933,0.22,0,0,0,0
3934,0,0.91,0,0.04,0.03
3935,0.02,0,0,0,0
3936,0,0.33,0.03,0.21,0.21
3937,0.22,0,0,0,0
3938,0,0,0,0.3,0.12
3939,0.57,0,0,0,0
3940,0,0.2,0.19,0.19,0.21
3941,0.21,0,0,0,0
3942,0,0.24,0.11,0.2,0.23
3943,0.23,0,0,0,0
3944,0,0,0,0.12,0.77
3945,0.11,0,0,0,0
3946,0,0.27,0.06,0.22,0.23
3947,0.22,0,0,0,0
3948,0,0.04,0.47,0.16,0.16
3949,0.17,0,0,0,0
3950,0,0.2,0.19,0.19,0.21
3951,0.21,0,0,0,0
3952,0,0.2,0.19,0.19,0.21
3953,0.21,0,0,0,0
3954,0,0.2,0.19,0.19,0.21
3955,0.21,0,0,0,0
3956,0,0.2,0.19,0.19,0.21
3957,0.21,0,0,0,0
3958,0,0.05,0,0.25,0.45
3959,0.25,0,0,0,0
3960,0,0.05,0,0.08,0.84
3961,0.03,0,0,0,0
3962,0,0.1,0.01,0.11,0.25
3963,0.53,0,0,0,0
3964,0,0.2,0.29,0.16,0.17
3965,0.19,0,0,0,0
3966,0,0.2,0.19,0.19,0.21
3967,0.21,0,0,0,0
3968,0,0.24,0.02,0.22,0.3
3969,0.21,0,0,0,0
3970,0,0.51,0,0.18,0.17
3971,0.14,0,0,0,0
3972,0,0.07,0,0.24,0.38
3973,0.31,0,0,0,0
3974,0,0.12,0.12,0.21,0.21
3975,0.34,0,0,0,0
3976,0,0.05,0.02,0.18,0.3
3977,0.45,0,0,0,0
3978,0,0.2,0.19,0.19,0.21
3979,0.21,0,0,0,0
3980,0,0.2,0.19,0.19,0.21
3981,0.21,0,0,0,0
3982,0,0.13,0.06,0.22,0.22
3983,0.37,0,0,0,0
3984,0,0.2,0.19,0.19,0.21
3985,0.21,0,0,0,0
3986,0,0.23,0.08,0.22,0.26
3987,0.22,0,0,0,0
3988,0,0.11,0.04,0.22,0.33
3989,0.3,0,0,0,0
3990,0,0.2,0.19,0.19,0.21
3991,0.21,0,0,0,0
3992,0,0.2,0.19,0.19,0.21
3993,0.21,0,0,0,0
3994,0,0.19,0.22,0.18,0.2
3995,0.2,0,0,0,0
3996,0,0.2,0.19,0.19,0.21
3997,0.21,0,0,0,0
3998,0,0.2,0.19,0.19,0.21
3999,0.21,0,0,0,0
4000,0,0.11,0.29,0.23,0.18
4001,0.2,0,0,0,0
4002,0,0,0,0.08,0.8
4003,0.11,0,0,0,0
4004,0,0.2,0.19,0.19,0.21
4005,0.21,0,0,0,0
4006,0,0.19,0.33,0.15,0.15
4007,0.18,0,0,0,0
4008,0,0.2,0.01,0.24,0.32
4009,0.23,0,0,0,0
4010,0,0.2,0.24,0.18,0.19
4011,0.19,0,0,0,0
4012,0,0.07,0.05,0.27,0.36
4013,0.24,0,0,0,0
4014,0,0.2,0.21,0.18,0.2
4015,0.2,0,0,0,0
4016,0,0.05,0,0.15,0.72
4017,0.08,0,0,0,0
4018,0,0,0,0.18,0.52
4019,0.29,0,0,0,0
4020,0,0.2,0.19,0.19,0.21
4021,0.21,0,0,0,0
4022,0,0,0,0.31,0.12
4023,0.57,0,0,0,0
4024,0,0.2,0.17,0.2,0.22
4025,0.21,0,0,0,0
4026,0,0,0.98,0.01,0.01
4027,0,0,0,0,0
4028,0,0.07,0,0.19,0.19
4029,0.55,0,0,0,0
4030,0,0.06,0,0.24,0.47
4031,0.23,0,0,0,0
4032,0,0.2,0.19,0.19,0.21
4033,0.21,0,0,0,0
4034,0,0.41,0,0.17,0.23
4035,0.19,0,0,0,0
4036,0,0.13,0.01,0.24,0.34
4037,0.28,0,0,0,0
4038,0,0.13,0.01,0.24,0.34
4039,0.28,0,0,0,0
4040,0,0,0,0.27,0.12
4041,0.6,0,0,0,0
4042,0,0.29,0.03,0.21,0.24
4043,0.22,0,0,0,0
4044,0,0.29,0,0.21,0.28
4045,0.22,0,0,0,0
4046,0,0.2,0.19,0.19,0.21
4047,0.21,0,0,0,0
4048,0,0.08,0,0.13,0.55
4049,0.24,0,0,0,0
4050,0,0.2,0.19,0.19,0.21
4051,0.21,0,0,0,0
4052,0,0.27,0,0.2,0.39
4053,0.14,0,0,0,0
4054,0,0.2,0.19,0.19,0.21
4055,0.21,0,0,0,0
4056,0,0,0,0.43,0.11
4057,0.46,0,0,0,0
4058,0,0.06,0,0.25,0.43
4059,0.26,0,0,0,0
4060,0,0.22,0,0.13,0.6
4061,0.05,0,0,0,0
4062,0,0.14,0,0.16,0.16
4063,0.54,0,0,0,0
4064,0,0.16,0.01,0.25,0.32
4065,0.27,0,0,0,0
4066,0,0.13,0.3,0.18,0.19
4067,0.2,0,0,0,0
4068,0,0.2,0.19,0.19,0.21
4069,0.21,0,0,0,0
4070,0,0.48,0,0.16,0.2
4071,0.15,0,0,0,0
4072,0,0.99,0,0,0
4073,0,0,0,0,0
4074,0,0.08,0.61,0.08,0.12
4075,0.1,0,0,0,0
4076,0,0,0,0.27,0.12
4077,0.6,0,0,0,0
4078,0,0.2,0.19,0.19,0.21
4079,0.21,0,0,0,0
4080,0,0.33,0,0.2,0.11
4081,0.37,0,0,0,0
4082,0,0.77,0,0.08,0.09
4083,0.05,0,0,0,0
4084,0,0.2,0.19,0.19,0.21
4085,0.21,0,0,0,0
4086,0,0.29,0.01,0.19,0.27
4087,0.24,0,0,0,0
4088,0,0.12,0.44,0.13,0.17
4089,0.15,0,0,0,0
4090,0,0.2,0.19,0.19,0.21
4091,0.21,0,0,0,0
4092,0,0.2,0.19,0.19,0.21
4093,0.21,0,0,0,0
4094,0,0.24,0,0.22,0.36
4095,0.18,0,0,0,0
4096,0,0.2,0.19,0.19,0.21
4097,0.21,0,0,0,0
4098,0,0.23,0,0.19,0.46
4099,0.12,0,0,0,0
4100,0,0.24,0,0.22,0.35
4101,0.18,0,0,0,0
4102,0,0.35,0.01,0.22,0.22
4103,0.2,0,0,0,0
4104,0,0.2,0.19,0.19,0.21
4105,0.21,0,0,0,0
4106,0,0.09,0,0.25,0.38
4107,0.27,0,0,0,0
4108,0,0.04,0.69,0.08,0.09
4109,0.1,0,0,0,0
4110,0,0.22,0.14,0.2,0.22
4111,0.22,0,0,0,0
4112,0,0.01,0.94,0.01,0.02
4113,0.02,0,0,0,0
4114,0,0.15,0,0.21,0.47
4115,0.17,0,0,0,0
4116,0,0.48,0,0.13,0.24
4117,0.14,0,0,0,0
4118,0,0.22,0,0.26,0.29
4119,0.24,0,0,0,0
4120,0,0.21,0.09,0.21,0.23
4121,0.26,0,0,0,0
4122,0,0.08,0,0.25,0.4
4123,0.27,0,0,0,0
4124,0,0.14,0.6,0.08,0.07
4125,0.11,0,0,0,0
4126,0,0.32,0.02,0.21,0.24
4127,0.22,0,0,0,0
4128,0,0.19,0.05,0.23,0.27
4129,0.25,0,0,0,0
4130,0,0.25,0.18,0.18,0.19
4131,0.19,0,0,0,0
4132,0,0.03,0,0.28,0.12
4133,0.57,0,0,0,0
4134,0,0.2,0.19,0.19,0.21
4135,0.21,0,0,0,0
4136,0,0.28,0.18,0.17,0.18
4137,0.19,0,0,0,0
4138,0,0.2,0.19,0.19,0.21
4139,0.21,0,0,0,0
4140,0,0.3,0.03,0.22,0.21
4141,0.23,0,0,0,0
4142,0,0.06,0,0.27,0.4
4143,0.27,0,0,0,0
4144,0,0,0,0.39,0.23
4145,0.38,0,0,0,0
4146,0,0.24,0.05,0.22,0.27
4147,0.21,0,0,0,0
4148,0,0.31,0,0.16,0.3
4149,0.24,0,0,0,0
4150,0,0,0,0.27,0.1
4151,0.63,0,0,0,0
4152,0,0.21,0.15,0.2,0.22
4153,0.22,0,0,0,0
4154,0,0.04,0.74,0.05,0.08
4155,0.09,0,0,0,0
4156,0,0.08,0,0.15,0.57
4157,0.2,0,0,0,0
4158,0,0.2,0.19,0.19,0.21
4159,0.21,0,0,0,0
4160,0,0.12,0,0.24,0.4
4161,0.24,0,0,0,0
4162,0,0.2,0.19,0.19,0.21
4163,0.21,0,0,0,0
4164,0,0.16,0.01,0.25,0.31
4165,0.26,0,0,0,0
4166,0,0.2,0.19,0.19,0.21
4167,0.21,0,0,0,0
4168,0,0.14,0.3,0.17,0.18
4169,0.21,0,0,0,0
4170,0,0.21,0.18,0.19,0.21
4171,0.21,0,0,0,0
4172,0,0.2,0.19,0.19,0.21
4173,0.21,0,0,0,0
4174,0,0.2,0.19,0.19,0.21
4175,0.21,0,0,0,0
4176,0,0.2,0.19,0.19,0.21
4177,0.21,0,0,0,0
4178,0,0.1,0,0.25,0.38
4179,0.27,0,0,0,0
4180,0,0.2,0.2,0.19,0.2
4181,0.21,0,0,0,0
4182,0,0.2,0.19,0.19,0.21
4183,0.21,0,0,0,0
4184,0,0.29,0.01,0.2,0.27
4185,0.22,0,0,0,0
4186,0,0.2,0.19,0.19,0.21
4187,0.21,0,0,0,0
4188,0,0.2,0.19,0.19,0.21
4189,0.21,0,0,0,0
4190,0,0.12,0,0.18,0.59
4191,0.1,0,0,0,0
4192,0,0,0,0.35,0.16
4193,0.49,0,0,0,0
4194,0,0.47,0,0.14,0.27
