p1,p2
F0002/MID1,F0002/MID3
F0002/MID2,F0002/MID3
F0005/MID1,F0005/MID2
F0005/MID3,F0005/MID2
F0009/MID1,F0009/MID4
F0009/MID1,F0009/MID3
F0009/MID1,F0009/MID2
F0009/MID1,F0009/MID6
F0009/MID2,F0009/MID4
F0009/MID2,F0009/MID6
F0009/MID2,F0009/MID3
F0009/MID3,F0009/MID4
F0009/MID3,F0009/MID6
F0009/MID4,F0009/MID6
F0009/MID5,F0009/MID1
F0009/MID5,F0009/MID2
F0009/MID5,F0009/MID4
F0009/MID5,F0009/MID6
F0009/MID5,F0009/MID3
F0009/MID7,F0009/MID3
F0009/MID7,F0009/MID6
F0009/MID7,F0009/MID4
F0009/MID7,F0009/MID1
F0009/MID7,F0009/MID2
F0010/MID1,F0010/MID3
F0010/MID1,F0010/MID4
F0010/MID2,F0010/MID3
F0010/MID2,F0010/MID4
F0010/MID3,F0010/MID4
F0016/MID1,F0016/MID5
F0016/MID1,F0016/MID2
F0016/MID2,F0016/MID4
F0016/MID2,F0016/MID3
F0016/MID3,F0016/MID4
F0017/MID1,F0017/MID3
F0017/MID1,F0017/MID4
F0017/MID1,F0017/MID7
F0017/MID1,F0017/MID5
F0017/MID1,F0017/MID6
F0017/MID2,F0017/MID5
F0017/MID2,F0017/MID4
F0017/MID2,F0017/MID3
F0017/MID2,F0017/MID7
F0017/MID2,F0017/MID6
F0017/MID3,F0017/MID4
F0017/MID3,F0017/MID6
F0017/MID3,F0017/MID5
F0017/MID4,F0017/MID5
F0017/MID4,F0017/MID6
F0017/MID5,F0017/MID7
F0020/MID1,F0020/MID10
F0020/MID1,F0020/MID6
F0020/MID1,F0020/MID5
F0020/MID1,F0020/MID3
F0020/MID1,F0020/MID2
F0020/MID11,F0020/MID3
F0020/MID11,F0020/MID10
F0020/MID11,F0020/MID6
F0020/MID2,F0020/MID6
F0020/MID2,F0020/MID10
F0020/MID2,F0020/MID3
F0020/MID2,F0020/MID5
F0020/MID3,F0020/MID6
F0020/MID3,F0020/MID10
F0020/MID3,F0020/MID5
F0020/MID5,F0020/MID6
F0020/MID5,F0020/MID10
F0020/MID6,F0020/MID10
F0020/MID7,F0020/MID5
F0020/MID7,F0020/MID1
F0020/MID7,F0020/MID3
F0020/MID7,F0020/MID6
F0020/MID7,F0020/MID10
F0020/MID8,F0020/MID10
F0020/MID8,F0020/MID6
F0020/MID8,F0020/MID3
F0020/MID8,F0020/MID2
F0020/MID9,F0020/MID5
F0020/MID9,F0020/MID2
F0022/MID1,F0022/MID3
F0022/MID2,F0022/MID3
F0022/MID4,F0022/MID3
F0022/MID4,F0022/MID1
F0022/MID5,F0022/MID1
F0022/MID5,F0022/MID3
F0023/MID1,F0023/MID5
F0023/MID1,F0023/MID4
F0023/MID2,F0023/MID1
F0023/MID2,F0023/MID4
F0023/MID2,F0023/MID6
F0023/MID3,F0023/MID5
F0023/MID3,F0023/MID1
F0023/MID3,F0023/MID4
F0023/MID4,F0023/MID5
F0024/MID2,F0024/MID1
F0024/MID3,F0024/MID1
F0024/MID3,F0024/MID5
F0024/MID4,F0024/MID5
F0030/MID1,F0030/MID4
F0030/MID1,F0030/MID3
F0030/MID2,F0030/MID3
F0031/MID1,F0031/MID5
F0031/MID1,F0031/MID3
F0031/MID2,F0031/MID5
F0031/MID2,F0031/MID1
F0031/MID2,F0031/MID3
F0031/MID3,F0031/MID5
F0031/MID4,F0031/MID1
F0031/MID4,F0031/MID5
F0031/MID4,F0031/MID3
F0036/MID1,F0036/MID4
F0036/MID1,F0036/MID3
F0036/MID1,F0036/MID7
F0036/MID2,F0036/MID5
F0036/MID3,F0036/MID7
F0036/MID6,F0036/MID1
F0036/MID6,F0036/MID7
F0036/MID7,F0036/MID5
F0036/MID7,F0036/MID2
F0038/MID1,F0038/MID2
F0038/MID1,F0038/MID5
F0038/MID1,F0038/MID4
F0038/MID1,F0038/MID6
F0038/MID2,F0038/MID4
F0038/MID3,F0038/MID6
F0038/MID3,F0038/MID5
F0038/MID5,F0038/MID6
F0039/MID1,F0039/MID4
F0039/MID1,F0039/MID3
F0040/MID1,F0040/MID3
F0041/MID1,F0041/MID6
F0041/MID1,F0041/MID7
F0041/MID3,F0041/MID4
F0041/MID5,F0041/MID7
F0044/MID1,F0044/MID2
F0049/MID4,F0049/MID5
F0049/MID6,F0049/MID5
F0049/MID7,F0049/MID3
F0050/MID1,F0050/MID3
F0050/MID2,F0050/MID3
F0051/MID1,F0051/MID3
F0051/MID1,F0051/MID4
F0051/MID2,F0051/MID3
F0051/MID2,F0051/MID4
F0051/MID3,F0051/MID4
F0051/MID5,F0051/MID1
F0051/MID5,F0051/MID3
F0051/MID5,F0051/MID4
F0051/MID6,F0051/MID4
F0051/MID6,F0051/MID3
F0051/MID6,F0051/MID1
F0052/MID1,F0052/MID4
F0052/MID1,F0052/MID3
F0052/MID2,F0052/MID3
F0052/MID2,F0052/MID4
F0052/MID3,F0052/MID4
F0054/MID1,F0054/MID3
F0054/MID2,F0054/MID3
F0054/MID3,F0054/MID4
F0058/MID1,F0058/MID5
F0058/MID2,F0058/MID4
F0058/MID2,F0058/MID5
F0058/MID2,F0058/MID1
F0058/MID3,F0058/MID5
F0058/MID3,F0058/MID4
F0058/MID3,F0058/MID1
F0058/MID4,F0058/MID5
F0058/MID6,F0058/MID4
F0058/MID6,F0058/MID5
F0059/MID1,F0059/MID2
F0059/MID1,F0059/MID4
F0059/MID2,F0059/MID4
F0059/MID3,F0059/MID2
F0059/MID3,F0059/MID4
F0063/MID1,F0063/MID3
F0064/MID1,F0064/MID3
F0064/MID1,F0064/MID5
F0064/MID1,F0064/MID2
F0064/MID2,F0064/MID3
F0064/MID2,F0064/MID6
F0064/MID2,F0064/MID4
F0064/MID2,F0064/MID5
F0064/MID3,F0064/MID4
F0064/MID3,F0064/MID5
F0064/MID3,F0064/MID6
F0064/MID4,F0064/MID6
F0064/MID4,F0064/MID5
F0064/MID5,F0064/MID6
F0068/MID1,F0068/MID4
F0068/MID1,F0068/MID5
F0068/MID1,F0068/MID3
F0068/MID2,F0068/MID3
F0068/MID2,F0068/MID4
F0068/MID2,F0068/MID5
F0068/MID3,F0068/MID4
F0068/MID3,F0068/MID5
F0068/MID4,F0068/MID5
F0070/MID1,F0070/MID4
F0070/MID1,F0070/MID7
F0070/MID1,F0070/MID3
F0070/MID1,F0070/MID5
F0070/MID2,F0070/MID3
F0070/MID2,F0070/MID4
F0070/MID2,F0070/MID5
F0070/MID3,F0070/MID4
F0070/MID3,F0070/MID5
F0070/MID6,F0070/MID7
F0070/MID6,F0070/MID1
F0074/MID1,F0074/MID4
F0074/MID3,F0074/MID4
F0074/MID6,F0074/MID1
F0074/MID6,F0074/MID4
F0074/MID6,F0074/MID2
F0074/MID6,F0074/MID5
F0077/MID1,F0077/MID4
F0077/MID1,F0077/MID6
F0077/MID2,F0077/MID3
F0077/MID4,F0077/MID6
F0081/MID1,F0081/MID6
F0081/MID1,F0081/MID7
F0081/MID2,F0081/MID7
F0081/MID2,F0081/MID6
F0081/MID2,F0081/MID8
F0081/MID3,F0081/MID1
F0081/MID4,F0081/MID3
F0081/MID5,F0081/MID4
F0081/MID6,F0081/MID7
F0081/MID6,F0081/MID8
F0081/MID7,F0081/MID8
F0086/MID1,F0086/MID4
F0086/MID1,F0086/MID3
F0086/MID2,F0086/MID4
F0086/MID2,F0086/MID3
F0091/MID1,F0091/MID5
F0091/MID1,F0091/MID4
F0091/MID1,F0091/MID3
F0091/MID2,F0091/MID4
F0091/MID2,F0091/MID5
F0091/MID3,F0091/MID4
F0091/MID3,F0091/MID5
F0091/MID4,F0091/MID5
F0091/MID6,F0091/MID1
F0091/MID6,F0091/MID3
F0091/MID7,F0091/MID3
F0091/MID7,F0091/MID4
F0091/MID7,F0091/MID8
F0093/MID1,F0093/MID4
F0093/MID1,F0093/MID3
F0093/MID1,F0093/MID2
F0093/MID6,F0093/MID4
F0097/MID2,F0097/MID4
F0097/MID2,F0097/MID5
F0097/MID3,F0097/MID5
F0099/MID1,F0099/MID6
F0099/MID1,F0099/MID5
F0099/MID1,F0099/MID4
F0099/MID1,F0099/MID8
F0099/MID1,F0099/MID3
F0099/MID10,F0099/MID6
F0099/MID10,F0099/MID4
F0099/MID10,F0099/MID3
F0099/MID10,F0099/MID5
F0099/MID10,F0099/MID8
F0099/MID10,F0099/MID1
F0099/MID10,F0099/MID9
F0099/MID2,F0099/MID5
F0099/MID2,F0099/MID3
F0099/MID2,F0099/MID6
F0099/MID2,F0099/MID4
F0099/MID3,F0099/MID5
F0099/MID3,F0099/MID4
F0099/MID3,F0099/MID6
F0099/MID4,F0099/MID5
F0099/MID4,F0099/MID6
F0099/MID5,F0099/MID6
F0099/MID7,F0099/MID6
F0099/MID7,F0099/MID1
F0099/MID7,F0099/MID9
F0099/MID7,F0099/MID8
F0099/MID7,F0099/MID4
F0099/MID7,F0099/MID5
F0099/MID7,F0099/MID3
F0099/MID8,F0099/MID9
F0101/MID1,F0101/MID4
F0101/MID1,F0101/MID6
F0101/MID10,F0101/MID12
F0101/MID10,F0101/MID13
F0101/MID10,F0101/MID11
F0101/MID12,F0101/MID13
F0101/MID14,F0101/MID15
F0101/MID14,F0101/MID8
F0101/MID2,F0101/MID1
F0101/MID2,F0101/MID4
F0101/MID2,F0101/MID6
F0101/MID3,F0101/MID1
F0101/MID3,F0101/MID7
F0101/MID3,F0101/MID5
F0101/MID3,F0101/MID6
F0101/MID3,F0101/MID15
F0101/MID3,F0101/MID8
F0101/MID3,F0101/MID4
F0101/MID4,F0101/MID6
F0101/MID7,F0101/MID15
F0101/MID7,F0101/MID8
F0101/MID8,F0101/MID13
F0101/MID8,F0101/MID10
F0101/MID8,F0101/MID15
F0101/MID8,F0101/MID12
F0101/MID9,F0101/MID12
F0101/MID9,F0101/MID10
F0101/MID9,F0101/MID13
F0105/MID1,F0105/MID5
F0105/MID1,F0105/MID4
F0105/MID1,F0105/MID3
F0105/MID2,F0105/MID5
F0105/MID2,F0105/MID4
F0105/MID4,F0105/MID5
F0105/MID6,F0105/MID3
F0106/MID1,F0106/MID5
F0106/MID1,F0106/MID2
F0106/MID1,F0106/MID6
F0106/MID3,F0106/MID1
F0106/MID4,F0106/MID6
F0106/MID4,F0106/MID5
F0106/MID5,F0106/MID6
F0106/MID7,F0106/MID2
F0109/MID1,F0109/MID2
F0109/MID3,F0109/MID1
F0109/MID3,F0109/MID4
F0110/MID1,F0110/MID3
F0110/MID2,F0110/MID3
F0110/MID4,F0110/MID1
F0112/MID1,F0112/MID2
F0112/MID1,F0112/MID3
F0112/MID2,F0112/MID3
F0112/MID4,F0112/MID2
F0112/MID4,F0112/MID3
F0113/MID1,F0113/MID2
F0113/MID1,F0113/MID4
F0113/MID3,F0113/MID4
F0113/MID5,F0113/MID2
F0118/MID1,F0118/MID5
F0118/MID1,F0118/MID7
F0118/MID1,F0118/MID3
F0118/MID1,F0118/MID4
F0118/MID1,F0118/MID6
F0118/MID2,F0118/MID5
F0118/MID2,F0118/MID6
F0118/MID2,F0118/MID4
F0118/MID2,F0118/MID3
F0118/MID2,F0118/MID7
F0118/MID3,F0118/MID5
F0118/MID3,F0118/MID6
F0118/MID3,F0118/MID4
F0118/MID3,F0118/MID7
F0118/MID4,F0118/MID7
F0118/MID4,F0118/MID6
F0118/MID4,F0118/MID5
F0118/MID5,F0118/MID7
F0118/MID5,F0118/MID6
F0118/MID6,F0118/MID7
F0119/MID1,F0119/MID2
F0119/MID3,F0119/MID2
F0119/MID3,F0119/MID1
F0122/MID1,F0122/MID3
F0122/MID1,F0122/MID4
F0122/MID1,F0122/MID7
F0122/MID1,F0122/MID5
F0122/MID2,F0122/MID3
F0122/MID2,F0122/MID4
F0122/MID3,F0122/MID4
F0123/MID1,F0123/MID5
F0123/MID1,F0123/MID4
F0123/MID1,F0123/MID3
F0123/MID1,F0123/MID6
F0123/MID1,F0123/MID7
F0123/MID2,F0123/MID7
F0123/MID2,F0123/MID3
F0123/MID2,F0123/MID5
F0123/MID2,F0123/MID4
F0123/MID2,F0123/MID6
F0123/MID3,F0123/MID4
F0123/MID3,F0123/MID7
F0123/MID3,F0123/MID5
F0123/MID3,F0123/MID6
F0123/MID4,F0123/MID6
F0123/MID4,F0123/MID7
F0123/MID4,F0123/MID5
F0123/MID5,F0123/MID7
F0123/MID5,F0123/MID6
F0123/MID6,F0123/MID7
F0124/MID1,F0124/MID2
F0124/MID3,F0124/MID2
F0126/MID1,F0126/MID3
F0126/MID2,F0126/MID3
F0126/MID4,F0126/MID1
F0126/MID5,F0126/MID2
F0126/MID6,F0126/MID2
F0128/MID1,F0128/MID6
F0128/MID1,F0128/MID8
F0128/MID1,F0128/MID3
F0128/MID1,F0128/MID7
F0128/MID1,F0128/MID5
F0128/MID2,F0128/MID7
F0128/MID2,F0128/MID3
F0128/MID2,F0128/MID6
F0128/MID2,F0128/MID5
F0128/MID2,F0128/MID8
F0128/MID3,F0128/MID5
F0128/MID3,F0128/MID6
F0128/MID3,F0128/MID7
F0128/MID4,F0128/MID1
F0128/MID4,F0128/MID6
F0128/MID4,F0128/MID7
F0128/MID4,F0128/MID5
F0128/MID4,F0128/MID3
F0128/MID5,F0128/MID6
F0128/MID5,F0128/MID8
F0128/MID5,F0128/MID7
F0128/MID6,F0128/MID7
F0129/MID1,F0129/MID7
F0129/MID1,F0129/MID4
F0129/MID1,F0129/MID8
F0129/MID1,F0129/MID3
F0129/MID2,F0129/MID3
F0129/MID2,F0129/MID4
F0129/MID3,F0129/MID4
F0129/MID5,F0129/MID7
F0129/MID5,F0129/MID6
F0129/MID5,F0129/MID8
F0129/MID6,F0129/MID8
F0129/MID6,F0129/MID7
F0129/MID7,F0129/MID8
F0130/MID1,F0130/MID5
F0130/MID1,F0130/MID2
F0130/MID3,F0130/MID5
F0130/MID3,F0130/MID1
F0130/MID4,F0130/MID1
F0132/MID1,F0132/MID4
F0134/MID1,F0134/MID2
F0134/MID2,F0134/MID4
F0135/MID1,F0135/MID5
F0135/MID1,F0135/MID4
F0137/MID2,F0137/MID4
F0138/MID4,F0138/MID2
F0138/MID6,F0138/MID3
F0142/MID5,F0142/MID8
F0142/MID6,F0142/MID8
F0142/MID6,F0142/MID3
F0146/MID1,F0146/MID3
F0146/MID1,F0146/MID2
F0146/MID2,F0146/MID4
F0146/MID5,F0146/MID2
F0146/MID6,F0146/MID4
F0146/MID6,F0146/MID2
F0146/MID6,F0146/MID1
F0146/MID7,F0146/MID8
F0146/MID7,F0146/MID2
F0150/MID1,F0150/MID3
F0150/MID1,F0150/MID5
F0150/MID1,F0150/MID4
F0150/MID2,F0150/MID8
F0150/MID2,F0150/MID5
F0150/MID2,F0150/MID3
F0150/MID2,F0150/MID4
F0150/MID3,F0150/MID5
F0150/MID3,F0150/MID8
F0150/MID3,F0150/MID4
F0150/MID4,F0150/MID5
F0150/MID4,F0150/MID8
F0150/MID5,F0150/MID8
F0150/MID6,F0150/MID1
F0150/MID6,F0150/MID4
F0150/MID6,F0150/MID8
F0150/MID6,F0150/MID5
F0150/MID6,F0150/MID3
F0150/MID7,F0150/MID2
F0151/MID1,F0151/MID3
F0151/MID2,F0151/MID3
F0154/MID1,F0154/MID3
F0154/MID1,F0154/MID2
F0154/MID2,F0154/MID3
F0154/MID4,F0154/MID3
F0154/MID4,F0154/MID2
F0155/MID2,F0155/MID3
F0155/MID2,F0155/MID1
F0155/MID2,F0155/MID5
F0155/MID3,F0155/MID5
F0155/MID4,F0155/MID5
F0155/MID4,F0155/MID3
F0157/MID1,F0157/MID2
F0157/MID1,F0157/MID4
F0157/MID1,F0157/MID3
F0157/MID2,F0157/MID4
F0157/MID2,F0157/MID3
F0157/MID3,F0157/MID4
F0158/MID1,F0158/MID6
F0158/MID1,F0158/MID7
F0158/MID1,F0158/MID8
F0158/MID1,F0158/MID5
F0158/MID2,F0158/MID1
F0158/MID2,F0158/MID8
F0158/MID2,F0158/MID7
F0158/MID3,F0158/MID5
F0158/MID3,F0158/MID6
F0158/MID3,F0158/MID1
F0158/MID3,F0158/MID8
F0158/MID4,F0158/MID5
F0158/MID5,F0158/MID8
F0158/MID6,F0158/MID8
F0158/MID7,F0158/MID8
F0159/MID1,F0159/MID2
F0159/MID3,F0159/MID2
F0160/MID3,F0160/MID6
F0160/MID3,F0160/MID7
F0160/MID3,F0160/MID5
F0160/MID4,F0160/MID3
F0160/MID4,F0160/MID7
F0160/MID4,F0160/MID6
F0160/MID4,F0160/MID5
F0160/MID5,F0160/MID7
F0160/MID5,F0160/MID6
F0160/MID6,F0160/MID7
F0161/MID1,F0161/MID2
F0161/MID3,F0161/MID2
F0161/MID4,F0161/MID1
F0162/MID1,F0162/MID5
F0162/MID1,F0162/MID4
F0162/MID2,F0162/MID1
F0162/MID3,F0162/MID5
F0162/MID3,F0162/MID4
F0162/MID4,F0162/MID5
F0162/MID6,F0162/MID1
F0164/MID1,F0164/MID3
F0164/MID2,F0164/MID1
F0164/MID2,F0164/MID3
F0164/MID3,F0164/MID4
F0164/MID4,F0164/MID1
F0165/MID1,F0165/MID2
F0165/MID1,F0165/MID4
F0165/MID1,F0165/MID8
F0165/MID1,F0165/MID6
F0165/MID1,F0165/MID7
F0165/MID1,F0165/MID3
F0165/MID1,F0165/MID9
F0165/MID2,F0165/MID4
F0165/MID2,F0165/MID3
F0165/MID3,F0165/MID4
F0165/MID5,F0165/MID2
F0165/MID5,F0165/MID3
F0165/MID5,F0165/MID4
F0165/MID6,F0165/MID9
F0165/MID6,F0165/MID7
F0165/MID6,F0165/MID8
F0165/MID7,F0165/MID8
F0165/MID7,F0165/MID9
F0165/MID8,F0165/MID9
F0167/MID1,F0167/MID3
F0167/MID1,F0167/MID4
F0167/MID2,F0167/MID3
F0167/MID3,F0167/MID7
F0167/MID3,F0167/MID8
F0167/MID4,F0167/MID8
F0167/MID4,F0167/MID7
F0167/MID5,F0167/MID8
F0167/MID5,F0167/MID7
F0167/MID6,F0167/MID8
F0167/MID6,F0167/MID7
F0167/MID7,F0167/MID8
F0168/MID1,F0168/MID3
F0168/MID1,F0168/MID4
F0168/MID2,F0168/MID4
F0168/MID3,F0168/MID4
F0169/MID1,F0169/MID4
F0169/MID2,F0169/MID4
F0169/MID2,F0169/MID1
F0169/MID3,F0169/MID1
F0169/MID3,F0169/MID4
F0170/MID1,F0170/MID3
F0170/MID1,F0170/MID2
F0170/MID3,F0170/MID2
F0170/MID4,F0170/MID2
F0170/MID4,F0170/MID1
F0174/MID1,F0174/MID4
F0174/MID1,F0174/MID5
F0174/MID1,F0174/MID6
F0174/MID1,F0174/MID7
F0174/MID2,F0174/MID4
F0174/MID2,F0174/MID5
F0174/MID2,F0174/MID7
F0174/MID2,F0174/MID6
F0174/MID2,F0174/MID1
F0174/MID3,F0174/MID6
F0174/MID3,F0174/MID5
F0174/MID3,F0174/MID7
F0174/MID3,F0174/MID4
F0174/MID4,F0174/MID6
F0174/MID4,F0174/MID5
F0174/MID4,F0174/MID7
F0174/MID5,F0174/MID7
F0174/MID5,F0174/MID6
F0174/MID6,F0174/MID7
F0178/MID1,F0178/MID2
F0178/MID3,F0178/MID2
F0179/MID1,F0179/MID3
F0179/MID2,F0179/MID1
F0179/MID2,F0179/MID3
F0179/MID4,F0179/MID3
F0179/MID4,F0179/MID1
F0183/MID1,F0183/MID5
F0183/MID1,F0183/MID4
F0183/MID2,F0183/MID1
F0183/MID2,F0183/MID4
F0183/MID2,F0183/MID5
F0183/MID3,F0183/MID5
F0183/MID3,F0183/MID4
F0183/MID3,F0183/MID1
F0183/MID4,F0183/MID5
F0188/MID1,F0188/MID5
F0188/MID1,F0188/MID6
F0188/MID2,F0188/MID1
F0188/MID2,F0188/MID6
F0188/MID2,F0188/MID5
F0188/MID3,F0188/MID6
F0188/MID3,F0188/MID5
F0188/MID3,F0188/MID2
F0188/MID3,F0188/MID1
F0188/MID4,F0188/MID6
F0188/MID4,F0188/MID5
F0188/MID5,F0188/MID6
F0191/MID1,F0191/MID3
F0191/MID1,F0191/MID4
F0191/MID2,F0191/MID3
F0192/MID1,F0192/MID5
F0192/MID1,F0192/MID4
F0192/MID1,F0192/MID3
F0192/MID1,F0192/MID7
F0192/MID2,F0192/MID3
F0192/MID2,F0192/MID4
F0192/MID3,F0192/MID4
F0192/MID5,F0192/MID7
F0192/MID6,F0192/MID5
F0192/MID6,F0192/MID1
F0192/MID6,F0192/MID7
F0192/MID6,F0192/MID4
F0192/MID6,F0192/MID3
F0192/MID8,F0192/MID4
F0192/MID8,F0192/MID3
F0192/MID8,F0192/MID7
F0192/MID8,F0192/MID5
F0192/MID8,F0192/MID1
F0194/MID1,F0194/MID3
F0194/MID1,F0194/MID5
F0194/MID2,F0194/MID1
F0194/MID3,F0194/MID5
F0194/MID4,F0194/MID5
F0194/MID4,F0194/MID3
F0194/MID6,F0194/MID1
F0195/MID1,F0195/MID2
F0195/MID3,F0195/MID1
F0196/MID1,F0196/MID3
F0196/MID2,F0196/MID3
F0196/MID5,F0196/MID1
F0197/MID1,F0197/MID5
F0197/MID1,F0197/MID4
F0197/MID1,F0197/MID3
F0197/MID1,F0197/MID6
F0197/MID2,F0197/MID6
F0197/MID2,F0197/MID3
F0197/MID2,F0197/MID5
F0197/MID2,F0197/MID4
F0197/MID3,F0197/MID6
F0197/MID3,F0197/MID4
F0197/MID3,F0197/MID5
F0197/MID4,F0197/MID5
F0197/MID4,F0197/MID6
F0197/MID5,F0197/MID6
F0198/MID1,F0198/MID3
F0198/MID1,F0198/MID4
F0198/MID1,F0198/MID2
F0198/MID2,F0198/MID3
F0198/MID2,F0198/MID4
F0198/MID3,F0198/MID4
F0198/MID5,F0198/MID4
F0198/MID5,F0198/MID3
F0198/MID5,F0198/MID2
F0199/MID1,F0199/MID3
F0199/MID1,F0199/MID6
F0199/MID2,F0199/MID3
F0199/MID4,F0199/MID1
F0199/MID4,F0199/MID3
F0199/MID4,F0199/MID6
F0199/MID5,F0199/MID6
F0199/MID5,F0199/MID3
F0199/MID5,F0199/MID1
F0202/MID1,F0202/MID5
F0202/MID2,F0202/MID3
F0202/MID2,F0202/MID1
F0202/MID2,F0202/MID5
F0202/MID3,F0202/MID5
F0202/MID3,F0202/MID1
F0202/MID4,F0202/MID5
F0202/MID4,F0202/MID1
F0203/MID1,F0203/MID10
F0203/MID1,F0203/MID9
F0203/MID1,F0203/MID6
F0203/MID1,F0203/MID5
F0203/MID1,F0203/MID4
F0203/MID1,F0203/MID3
F0203/MID2,F0203/MID9
F0203/MID2,F0203/MID5
F0203/MID2,F0203/MID6
F0203/MID2,F0203/MID4
F0203/MID2,F0203/MID3
F0203/MID2,F0203/MID10
F0203/MID3,F0203/MID6
F0203/MID3,F0203/MID4
F0203/MID3,F0203/MID5
F0203/MID4,F0203/MID5
F0203/MID4,F0203/MID6
F0203/MID5,F0203/MID6
F0203/MID5,F0203/MID10
F0203/MID5,F0203/MID9
F0203/MID7,F0203/MID4
F0203/MID7,F0203/MID6
F0203/MID7,F0203/MID5
F0203/MID7,F0203/MID1
F0203/MID7,F0203/MID3
F0203/MID8,F0203/MID6
F0203/MID8,F0203/MID5
F0203/MID8,F0203/MID1
F0203/MID8,F0203/MID3
F0203/MID9,F0203/MID10
F0206/MID1,F0206/MID3
F0206/MID1,F0206/MID14
F0206/MID1,F0206/MID10
F0206/MID1,F0206/MID4
F0206/MID1,F0206/MID13
F0206/MID1,F0206/MID11
F0206/MID2,F0206/MID11
F0206/MID2,F0206/MID3
F0206/MID2,F0206/MID10
F0206/MID2,F0206/MID13
F0206/MID2,F0206/MID14
F0206/MID2,F0206/MID9
F0206/MID3,F0206/MID9
F0206/MID3,F0206/MID8
F0206/MID3,F0206/MID13
F0206/MID3,F0206/MID11
F0206/MID4,F0206/MID12
F0206/MID5,F0206/MID4
F0206/MID5,F0206/MID11
F0206/MID5,F0206/MID3
F0206/MID5,F0206/MID12
F0206/MID6,F0206/MID11
F0206/MID6,F0206/MID13
F0206/MID6,F0206/MID1
F0206/MID6,F0206/MID3
F0206/MID6,F0206/MID12
F0206/MID6,F0206/MID4
F0206/MID7,F0206/MID9
F0206/MID7,F0206/MID8
F0206/MID8,F0206/MID9
F0206/MID9,F0206/MID10
F0209/MID1,F0209/MID5
F0209/MID1,F0209/MID2
F0209/MID1,F0209/MID4
F0209/MID2,F0209/MID7
F0209/MID2,F0209/MID3
F0209/MID3,F0209/MID7
F0209/MID4,F0209/MID5
F0209/MID6,F0209/MID7
F0209/MID6,F0209/MID2
F0210/MID1,F0210/MID2
F0210/MID3,F0210/MID2
F0210/MID4,F0210/MID2
F0211/MID1,F0211/MID5
F0211/MID1,F0211/MID4
F0211/MID3,F0211/MID4
F0211/MID3,F0211/MID5
F0211/MID4,F0211/MID5
F0212/MID1,F0212/MID4
F0212/MID1,F0212/MID2
F0212/MID1,F0212/MID5
F0212/MID2,F0212/MID5
F0212/MID3,F0212/MID5
F0214/MID1,F0214/MID2
F0214/MID2,F0214/MID3
F0214/MID4,F0214/MID3
F0215/MID1,F0215/MID3
F0215/MID1,F0215/MID8
F0215/MID2,F0215/MID8
F0215/MID2,F0215/MID9
F0215/MID3,F0215/MID8
F0215/MID4,F0215/MID8
F0215/MID4,F0215/MID3
F0215/MID5,F0215/MID2
F0215/MID5,F0215/MID1
F0215/MID5,F0215/MID6
F0215/MID5,F0215/MID9
F0215/MID5,F0215/MID3
F0215/MID5,F0215/MID8
F0215/MID8,F0215/MID9
F0216/MID1,F0216/MID7
F0216/MID1,F0216/MID6
F0216/MID1,F0216/MID5
F0216/MID1,F0216/MID3
F0216/MID1,F0216/MID4
F0216/MID2,F0216/MID5
F0216/MID2,F0216/MID3
F0216/MID2,F0216/MID4
F0216/MID3,F0216/MID4
F0216/MID3,F0216/MID5
F0216/MID4,F0216/MID5
F0216/MID6,F0216/MID7
F0225/MID1,F0225/MID2
F0225/MID3,F0225/MID1
F0225/MID3,F0225/MID2
F0225/MID4,F0225/MID2
F0225/MID4,F0225/MID1
F0227/MID1,F0227/MID3
F0227/MID1,F0227/MID5
F0227/MID1,F0227/MID2
F0227/MID2,F0227/MID3
F0227/MID4,F0227/MID3
F0227/MID4,F0227/MID2
F0227/MID4,F0227/MID1
F0228/MID1,F0228/MID3
F0228/MID1,F0228/MID4
F0228/MID2,F0228/MID3
F0228/MID2,F0228/MID4
F0228/MID3,F0228/MID4
F0231/MID1,F0231/MID7
F0231/MID1,F0231/MID11
F0231/MID10,F0231/MID12
F0231/MID10,F0231/MID1
F0231/MID10,F0231/MID7
F0231/MID10,F0231/MID11
F0231/MID11,F0231/MID12
F0231/MID13,F0231/MID10
F0231/MID14,F0231/MID10
F0231/MID14,F0231/MID1
F0231/MID14,F0231/MID11
F0231/MID14,F0231/MID7
F0231/MID2,F0231/MID5
F0231/MID2,F0231/MID4
F0231/MID2,F0231/MID6
F0231/MID2,F0231/MID11
F0231/MID2,F0231/MID9
F0231/MID3,F0231/MID11
F0231/MID3,F0231/MID8
F0231/MID3,F0231/MID4
F0231/MID3,F0231/MID6
F0231/MID3,F0231/MID1
F0231/MID3,F0231/MID7
F0231/MID3,F0231/MID10
F0231/MID4,F0231/MID9
F0231/MID4,F0231/MID5
F0231/MID4,F0231/MID6
F0231/MID6,F0231/MID9
F0231/MID6,F0231/MID8
F0231/MID7,F0231/MID11
F0233/MID1,F0233/MID5
F0233/MID1,F0233/MID3
F0233/MID2,F0233/MID3
F0233/MID5,F0233/MID6
F0236/MID1,F0236/MID4
F0236/MID3,F0236/MID4
F0236/MID3,F0236/MID2
F0237/MID1,F0237/MID3
F0237/MID1,F0237/MID2
F0237/MID2,F0237/MID3
F0237/MID4,F0237/MID3
F0237/MID4,F0237/MID2
F0237/MID5,F0237/MID3
F0237/MID5,F0237/MID2
F0237/MID5,F0237/MID1
F0237/MID6,F0237/MID1
F0237/MID6,F0237/MID2
F0237/MID6,F0237/MID3
F0238/MID1,F0238/MID4
F0238/MID1,F0238/MID8
F0238/MID3,F0238/MID8
F0238/MID3,F0238/MID7
F0238/MID5,F0238/MID4
F0238/MID5,F0238/MID1
F0238/MID5,F0238/MID7
F0238/MID5,F0238/MID8
F0238/MID6,F0238/MID1
F0238/MID6,F0238/MID8
F0238/MID6,F0238/MID7
F0238/MID7,F0238/MID8
F0241/MID1,F0241/MID4
F0241/MID2,F0241/MID3
F0242/MID1,F0242/MID5
F0242/MID2,F0242/MID3
F0244/MID1,F0244/MID7
F0244/MID4,F0244/MID5
F0245/MID1,F0245/MID3
F0245/MID1,F0245/MID4
F0245/MID2,F0245/MID3
F0245/MID4,F0245/MID5
F0248/MID1,F0248/MID3
F0248/MID2,F0248/MID3
F0249/MID1,F0249/MID10
F0249/MID1,F0249/MID4
F0249/MID1,F0249/MID9
F0249/MID1,F0249/MID5
F0249/MID2,F0249/MID3
F0249/MID4,F0249/MID10
F0249/MID5,F0249/MID9
F0249/MID6,F0249/MID5
F0249/MID6,F0249/MID9
F0249/MID7,F0249/MID4
F0249/MID7,F0249/MID10
F0249/MID8,F0249/MID9
F0252/MID1,F0252/MID3
F0252/MID4,F0252/MID5
F0253/MID2,F0253/MID4
F0253/MID3,F0253/MID4
F0254/MID1,F0254/MID4
F0254/MID3,F0254/MID1
F0254/MID6,F0254/MID4
F0255/MID3,F0255/MID4
F0257/MID1,F0257/MID2
F0257/MID4,F0257/MID1
F0257/MID4,F0257/MID3
F0257/MID5,F0257/MID1
F0258/MID3,F0258/MID1
F0258/MID4,F0258/MID1
F0262/MID1,F0262/MID5
F0262/MID1,F0262/MID4
F0262/MID1,F0262/MID3
F0262/MID2,F0262/MID7
F0262/MID2,F0262/MID6
F0262/MID2,F0262/MID5
F0262/MID2,F0262/MID4
F0262/MID2,F0262/MID3
F0262/MID3,F0262/MID6
F0262/MID3,F0262/MID4
F0262/MID3,F0262/MID5
F0262/MID3,F0262/MID7
F0262/MID4,F0262/MID5
F0262/MID4,F0262/MID7
F0262/MID4,F0262/MID6
F0262/MID5,F0262/MID6
F0262/MID5,F0262/MID7
F0264/MID1,F0264/MID5
F0264/MID1,F0264/MID2
F0264/MID1,F0264/MID7
F0264/MID1,F0264/MID4
F0264/MID10,F0264/MID5
F0264/MID10,F0264/MID2
F0264/MID10,F0264/MID7
F0264/MID2,F0264/MID8
F0264/MID2,F0264/MID4
F0264/MID4,F0264/MID8
F0264/MID6,F0264/MID7
F0264/MID6,F0264/MID2
F0264/MID6,F0264/MID8
F0264/MID7,F0264/MID8
F0264/MID9,F0264/MID7
F0264/MID9,F0264/MID5
F0264/MID9,F0264/MID1
F0264/MID9,F0264/MID2
F0264/MID9,F0264/MID4
F0264/MID9,F0264/MID8
F0266/MID1,F0266/MID2
F0268/MID1,F0268/MID2
F0271/MID3,F0271/MID2
F0275/MID2,F0275/MID3
F0277/MID2,F0277/MID4
F0277/MID2,F0277/MID1
F0277/MID3,F0277/MID1
F0281/MID1,F0281/MID4
F0281/MID1,F0281/MID3
F0281/MID2,F0281/MID3
F0281/MID3,F0281/MID4
F0282/MID1,F0282/MID7
F0282/MID1,F0282/MID5
F0282/MID2,F0282/MID6
F0282/MID2,F0282/MID5
F0282/MID2,F0282/MID10
F0282/MID2,F0282/MID4
F0282/MID2,F0282/MID7
F0282/MID2,F0282/MID3
F0282/MID3,F0282/MID10
F0282/MID3,F0282/MID4
F0282/MID4,F0282/MID10
F0282/MID5,F0282/MID10
F0282/MID6,F0282/MID10
F0282/MID8,F0282/MID2
F0282/MID8,F0282/MID5
F0282/MID8,F0282/MID6
F0282/MID9,F0282/MID4
F0282/MID9,F0282/MID6
F0282/MID9,F0282/MID1
F0282/MID9,F0282/MID10
F0282/MID9,F0282/MID5
F0282/MID9,F0282/MID7
F0282/MID9,F0282/MID2
F0283/MID1,F0283/MID4
F0283/MID1,F0283/MID5
F0283/MID2,F0283/MID1
F0283/MID2,F0283/MID4
F0283/MID2,F0283/MID5
F0283/MID3,F0283/MID1
F0283/MID3,F0283/MID4
F0283/MID4,F0283/MID5
F0284/MID3,F0284/MID1
F0284/MID4,F0284/MID3
F0284/MID4,F0284/MID1
F0284/MID4,F0284/MID2
F0284/MID5,F0284/MID2
F0284/MID5,F0284/MID3
F0284/MID6,F0284/MID2
F0285/MID1,F0285/MID6
F0285/MID1,F0285/MID2
F0285/MID1,F0285/MID4
F0285/MID2,F0285/MID4
F0285/MID2,F0285/MID6
F0285/MID2,F0285/MID5
F0285/MID3,F0285/MID4
F0285/MID3,F0285/MID6
F0285/MID3,F0285/MID2
F0285/MID3,F0285/MID5
F0285/MID4,F0285/MID5
F0285/MID4,F0285/MID6
F0285/MID5,F0285/MID6
F0287/MID1,F0287/MID4
F0287/MID1,F0287/MID3
F0287/MID2,F0287/MID3
F0287/MID2,F0287/MID4
F0287/MID3,F0287/MID4
F0290/MID1,F0290/MID6
F0290/MID1,F0290/MID3
F0290/MID1,F0290/MID4
F0290/MID1,F0290/MID2
F0290/MID2,F0290/MID3
F0290/MID2,F0290/MID4
F0290/MID2,F0290/MID6
F0290/MID3,F0290/MID6
F0290/MID3,F0290/MID4
F0290/MID4,F0290/MID6
F0290/MID5,F0290/MID3
F0290/MID5,F0290/MID2
F0290/MID5,F0290/MID4
F0294/MID1,F0294/MID3
F0294/MID1,F0294/MID4
F0294/MID2,F0294/MID4
F0294/MID2,F0294/MID3
F0294/MID2,F0294/MID5
F0294/MID3,F0294/MID4
F0294/MID5,F0294/MID3
F0294/MID5,F0294/MID4
F0294/MID5,F0294/MID1
F0297/MID1,F0297/MID3
F0297/MID1,F0297/MID4
F0297/MID2,F0297/MID3
F0297/MID2,F0297/MID4
F0297/MID3,F0297/MID4
F0298/MID1,F0298/MID4
F0298/MID1,F0298/MID3
F0298/MID2,F0298/MID3
F0298/MID2,F0298/MID4
F0298/MID3,F0298/MID4
F0298/MID5,F0298/MID4
F0298/MID5,F0298/MID3
F0298/MID5,F0298/MID1
F0298/MID6,F0298/MID4
F0298/MID6,F0298/MID1
F0298/MID6,F0298/MID3
F0299/MID1,F0299/MID3
F0299/MID1,F0299/MID4
F0299/MID1,F0299/MID5
F0299/MID2,F0299/MID5
F0299/MID2,F0299/MID3
F0299/MID2,F0299/MID4
F0299/MID3,F0299/MID4
F0299/MID3,F0299/MID5
F0299/MID4,F0299/MID5
F0302/MID1,F0302/MID4
F0302/MID1,F0302/MID3
F0302/MID2,F0302/MID3
F0302/MID2,F0302/MID4
F0302/MID3,F0302/MID4
F0303/MID1,F0303/MID3
F0303/MID1,F0303/MID10
F0303/MID1,F0303/MID5
F0303/MID1,F0303/MID2
F0303/MID1,F0303/MID4
F0303/MID11,F0303/MID2
F0303/MID2,F0303/MID3
F0303/MID2,F0303/MID4
F0303/MID2,F0303/MID10
F0303/MID2,F0303/MID5
F0303/MID3,F0303/MID10
F0303/MID3,F0303/MID5
F0303/MID3,F0303/MID4
F0303/MID4,F0303/MID5
F0303/MID4,F0303/MID10
F0303/MID5,F0303/MID10
F0303/MID6,F0303/MID10
F0303/MID6,F0303/MID4
F0303/MID6,F0303/MID1
F0303/MID6,F0303/MID5
F0303/MID6,F0303/MID2
F0303/MID6,F0303/MID3
F0303/MID7,F0303/MID1
F0303/MID8,F0303/MID3
F0303/MID8,F0303/MID2
F0303/MID8,F0303/MID1
F0303/MID8,F0303/MID5
F0303/MID8,F0303/MID4
F0303/MID8,F0303/MID10
F0303/MID9,F0303/MID8
F0303/MID9,F0303/MID1
F0309/MID1,F0309/MID2
F0309/MID2,F0309/MID4
F0309/MID2,F0309/MID5
F0309/MID2,F0309/MID3
F0309/MID3,F0309/MID5
F0309/MID3,F0309/MID4
F0309/MID4,F0309/MID5
F0309/MID6,F0309/MID5
F0309/MID6,F0309/MID4
F0313/MID1,F0313/MID2
F0315/MID1,F0315/MID2
F0315/MID3,F0315/MID2
F0315/MID3,F0315/MID1
F0315/MID4,F0315/MID1
F0319/MID1,F0319/MID3
F0319/MID1,F0319/MID2
F0319/MID2,F0319/MID3
F0321/MID1,F0321/MID3
F0321/MID2,F0321/MID1
F0322/MID1,F0322/MID2
F0326/MID1,F0326/MID7
F0326/MID1,F0326/MID3
F0326/MID1,F0326/MID6
F0326/MID2,F0326/MID1
F0326/MID2,F0326/MID8
F0326/MID2,F0326/MID7
F0326/MID2,F0326/MID6
F0326/MID3,F0326/MID5
F0326/MID3,F0326/MID6
F0326/MID3,F0326/MID7
F0326/MID3,F0326/MID8
F0326/MID4,F0326/MID5
F0326/MID4,F0326/MID8
F0326/MID4,F0326/MID7
F0326/MID4,F0326/MID6
F0326/MID5,F0326/MID7
F0326/MID5,F0326/MID8
F0326/MID5,F0326/MID6
F0326/MID6,F0326/MID8
F0326/MID6,F0326/MID7
F0326/MID7,F0326/MID8
F0332/MID1,F0332/MID6
F0332/MID1,F0332/MID2
F0332/MID1,F0332/MID3
F0332/MID1,F0332/MID4
F0332/MID2,F0332/MID3
F0332/MID2,F0332/MID6
F0332/MID3,F0332/MID6
F0332/MID3,F0332/MID4
F0332/MID5,F0332/MID6
F0332/MID5,F0332/MID4
F0332/MID5,F0332/MID2
F0332/MID5,F0332/MID3
F0334/MID1,F0334/MID3
F0334/MID1,F0334/MID2
F0334/MID1,F0334/MID4
F0334/MID2,F0334/MID4
F0334/MID2,F0334/MID3
F0334/MID5,F0334/MID1
F0334/MID5,F0334/MID3
F0334/MID6,F0334/MID1
F0334/MID6,F0334/MID2
F0336/MID3,F0336/MID1
F0339/MID1,F0339/MID4
F0339/MID1,F0339/MID2
F0339/MID5,F0339/MID4
F0339/MID5,F0339/MID3
F0341/MID1,F0341/MID3
F0341/MID2,F0341/MID3
F0341/MID2,F0341/MID1
F0344/MID1,F0344/MID2
F0344/MID4,F0344/MID1
F0344/MID4,F0344/MID2
F0344/MID5,F0344/MID1
F0344/MID5,F0344/MID2
F0350/MID1,F0350/MID2
F0350/MID1,F0350/MID3
F0350/MID1,F0350/MID4
F0350/MID2,F0350/MID4
F0350/MID2,F0350/MID3
F0350/MID3,F0350/MID4
F0350/MID5,F0350/MID4
F0350/MID5,F0350/MID2
F0350/MID5,F0350/MID3
F0357/MID1,F0357/MID10
F0357/MID1,F0357/MID9
F0357/MID1,F0357/MID3
F0357/MID1,F0357/MID8
F0357/MID1,F0357/MID11
F0357/MID1,F0357/MID7
F0357/MID10,F0357/MID11
F0357/MID12,F0357/MID11
F0357/MID12,F0357/MID9
F0357/MID13,F0357/MID10
F0357/MID13,F0357/MID6
F0357/MID2,F0357/MID3
F0357/MID2,F0357/MID7
F0357/MID2,F0357/MID5
F0357/MID2,F0357/MID1
F0357/MID2,F0357/MID8
F0357/MID2,F0357/MID10
F0357/MID3,F0357/MID10
F0357/MID3,F0357/MID8
F0357/MID3,F0357/MID7
F0357/MID3,F0357/MID11
F0357/MID3,F0357/MID9
F0357/MID4,F0357/MID6
F0357/MID4,F0357/MID3
F0357/MID4,F0357/MID10
F0357/MID4,F0357/MID1
F0357/MID4,F0357/MID9
F0357/MID4,F0357/MID11
F0357/MID5,F0357/MID8
F0357/MID5,F0357/MID7
F0357/MID6,F0357/MID10
F0357/MID6,F0357/MID9
F0357/MID6,F0357/MID11
F0357/MID7,F0357/MID8
F0357/MID9,F0357/MID10
F0357/MID9,F0357/MID11
F0359/MID1,F0359/MID4
F0359/MID1,F0359/MID3
F0359/MID2,F0359/MID3
F0359/MID2,F0359/MID4
F0359/MID3,F0359/MID4
F0360/MID1,F0360/MID3
F0360/MID1,F0360/MID4
F0360/MID2,F0360/MID4
F0360/MID2,F0360/MID3
F0360/MID3,F0360/MID4
F0360/MID5,F0360/MID3
F0360/MID5,F0360/MID1
F0360/MID5,F0360/MID4
F0360/MID6,F0360/MID3
F0360/MID6,F0360/MID4
F0360/MID6,F0360/MID1
F0361/MID1,F0361/MID3
F0361/MID1,F0361/MID4
F0361/MID2,F0361/MID3
F0361/MID2,F0361/MID4
F0361/MID3,F0361/MID4
F0363/MID1,F0363/MID3
F0363/MID1,F0363/MID5
F0363/MID1,F0363/MID8
F0363/MID1,F0363/MID6
F0363/MID1,F0363/MID4
F0363/MID2,F0363/MID3
F0363/MID2,F0363/MID4
F0363/MID2,F0363/MID5
F0363/MID3,F0363/MID4
F0363/MID3,F0363/MID5
F0363/MID4,F0363/MID5
F0363/MID7,F0363/MID1
F0363/MID7,F0363/MID4
F0363/MID7,F0363/MID5
F0363/MID7,F0363/MID8
F0363/MID7,F0363/MID3
F0363/MID7,F0363/MID6
F0365/MID1,F0365/MID3
F0365/MID2,F0365/MID3
F0365/MID2,F0365/MID1
F0367/MID1,F0367/MID4
F0367/MID1,F0367/MID3
F0367/MID2,F0367/MID4
F0367/MID2,F0367/MID3
F0367/MID3,F0367/MID4
F0368/MID2,F0368/MID1
F0368/MID2,F0368/MID7
F0368/MID3,F0368/MID4
F0368/MID3,F0368/MID1
F0368/MID5,F0368/MID4
F0368/MID6,F0368/MID3
F0368/MID6,F0368/MID1
F0368/MID6,F0368/MID4
F0369/MID1,F0369/MID3
F0369/MID2,F0369/MID3
F0373/MID1,F0373/MID4
F0373/MID1,F0373/MID3
F0373/MID2,F0373/MID3
F0373/MID2,F0373/MID4
F0373/MID3,F0373/MID4
F0376/MID1,F0376/MID4
F0376/MID1,F0376/MID10
F0376/MID1,F0376/MID7
F0376/MID1,F0376/MID9
F0376/MID1,F0376/MID5
F0376/MID1,F0376/MID6
F0376/MID2,F0376/MID5
F0376/MID2,F0376/MID7
F0376/MID2,F0376/MID1
F0376/MID2,F0376/MID6
F0376/MID2,F0376/MID9
F0376/MID2,F0376/MID10
F0376/MID2,F0376/MID4
F0376/MID3,F0376/MID5
F0376/MID3,F0376/MID10
F0376/MID3,F0376/MID6
F0376/MID3,F0376/MID9
F0376/MID3,F0376/MID1
F0376/MID3,F0376/MID4
F0376/MID3,F0376/MID7
F0376/MID4,F0376/MID10
F0376/MID4,F0376/MID6
F0376/MID4,F0376/MID5
F0376/MID4,F0376/MID7
F0376/MID5,F0376/MID10
F0376/MID5,F0376/MID6
F0376/MID5,F0376/MID7
F0376/MID6,F0376/MID10
F0376/MID7,F0376/MID10
F0376/MID8,F0376/MID4
F0376/MID8,F0376/MID7
F0378/MID1,F0378/MID6
F0378/MID1,F0378/MID3
F0378/MID2,F0378/MID1
F0378/MID4,F0378/MID5
F0378/MID5,F0378/MID6
F0385/MID3,F0385/MID1
F0385/MID4,F0385/MID1
F0387/MID1,F0387/MID5
F0387/MID1,F0387/MID3
F0387/MID2,F0387/MID4
F0387/MID2,F0387/MID3
F0387/MID2,F0387/MID5
F0387/MID3,F0387/MID5
F0387/MID3,F0387/MID4
F0387/MID4,F0387/MID5
F0387/MID7,F0387/MID6
F0387/MID7,F0387/MID1
F0390/MID1,F0390/MID6
F0390/MID1,F0390/MID5
F0390/MID1,F0390/MID8
F0390/MID1,F0390/MID3
F0390/MID1,F0390/MID10
F0390/MID1,F0390/MID7
F0390/MID1,F0390/MID11
F0390/MID10,F0390/MID11
F0390/MID2,F0390/MID5
F0390/MID2,F0390/MID11
F0390/MID2,F0390/MID6
F0390/MID2,F0390/MID10
F0390/MID2,F0390/MID7
F0390/MID2,F0390/MID3
F0390/MID2,F0390/MID1
F0390/MID2,F0390/MID8
F0390/MID3,F0390/MID10
F0390/MID3,F0390/MID11
F0390/MID3,F0390/MID8
F0390/MID3,F0390/MID7
F0390/MID4,F0390/MID5
F0390/MID4,F0390/MID6
F0390/MID5,F0390/MID6
F0390/MID7,F0390/MID11
F0390/MID7,F0390/MID10
F0390/MID7,F0390/MID8
F0390/MID8,F0390/MID10
F0390/MID8,F0390/MID11
F0390/MID9,F0390/MID8
F0390/MID9,F0390/MID3
F0390/MID9,F0390/MID1
F0390/MID9,F0390/MID6
F0390/MID9,F0390/MID11
F0390/MID9,F0390/MID10
F0390/MID9,F0390/MID5
F0390/MID9,F0390/MID7
F0393/MID1,F0393/MID3
F0393/MID1,F0393/MID5
F0393/MID1,F0393/MID6
F0393/MID1,F0393/MID2
F0393/MID1,F0393/MID4
F0393/MID2,F0393/MID6
F0393/MID2,F0393/MID5
F0393/MID2,F0393/MID4
F0393/MID4,F0393/MID6
F0393/MID4,F0393/MID5
F0393/MID5,F0393/MID6
F0394/MID1,F0394/MID2
F0394/MID3,F0394/MID1
F0394/MID3,F0394/MID2
F0394/MID4,F0394/MID1
F0394/MID4,F0394/MID2
F0399/MID1,F0399/MID2
F0399/MID3,F0399/MID2
F0402/MID1,F0402/MID4
F0402/MID1,F0402/MID5
F0402/MID1,F0402/MID6
F0402/MID1,F0402/MID3
F0402/MID2,F0402/MID3
F0402/MID2,F0402/MID5
F0402/MID2,F0402/MID6
F0402/MID2,F0402/MID4
F0402/MID3,F0402/MID5
F0402/MID3,F0402/MID6
F0402/MID3,F0402/MID4
F0402/MID4,F0402/MID5
F0402/MID4,F0402/MID6
F0402/MID5,F0402/MID6
F0402/MID7,F0402/MID6
F0402/MID7,F0402/MID3
F0402/MID7,F0402/MID4
F0402/MID7,F0402/MID1
F0402/MID7,F0402/MID5
F0402/MID8,F0402/MID4
F0402/MID8,F0402/MID6
F0402/MID8,F0402/MID5
F0402/MID8,F0402/MID1
F0402/MID8,F0402/MID3
F0403/MID1,F0403/MID3
F0403/MID1,F0403/MID4
F0403/MID1,F0403/MID5
F0403/MID2,F0403/MID4
F0403/MID2,F0403/MID5
F0403/MID2,F0403/MID3
F0403/MID3,F0403/MID5
F0403/MID3,F0403/MID4
F0403/MID4,F0403/MID5
F0408/MID1,F0408/MID4
F0408/MID2,F0408/MID4
F0408/MID2,F0408/MID1
F0408/MID3,F0408/MID4
F0408/MID3,F0408/MID1
F0409/MID1,F0409/MID3
F0409/MID1,F0409/MID4
F0409/MID1,F0409/MID2
F0409/MID2,F0409/MID4
F0409/MID2,F0409/MID3
F0409/MID3,F0409/MID4
F0410/MID3,F0410/MID1
F0411/MID1,F0411/MID3
F0411/MID2,F0411/MID3
F0413/MID1,F0413/MID6
F0413/MID1,F0413/MID4
F0413/MID2,F0413/MID6
F0413/MID2,F0413/MID1
F0413/MID3,F0413/MID1
F0413/MID3,F0413/MID6
F0413/MID5,F0413/MID6
F0415/MID3,F0415/MID1
F0415/MID3,F0415/MID2
F0416/MID1,F0416/MID5
F0416/MID6,F0416/MID3
F0416/MID6,F0416/MID4
F0421/MID1,F0421/MID10
F0421/MID1,F0421/MID3
F0421/MID2,F0421/MID9
F0421/MID2,F0421/MID6
F0421/MID2,F0421/MID7
F0421/MID2,F0421/MID4
F0421/MID2,F0421/MID3
F0421/MID2,F0421/MID10
F0421/MID3,F0421/MID7
F0421/MID3,F0421/MID4
F0421/MID3,F0421/MID6
F0421/MID4,F0421/MID10
F0421/MID4,F0421/MID9
F0421/MID5,F0421/MID7
F0421/MID5,F0421/MID6
F0421/MID6,F0421/MID7
F0421/MID8,F0421/MID10
F0421/MID8,F0421/MID9
F0421/MID9,F0421/MID10
F0423/MID1,F0423/MID2
F0423/MID1,F0423/MID3
F0423/MID2,F0423/MID7
F0423/MID2,F0423/MID3
F0423/MID4,F0423/MID2
F0423/MID4,F0423/MID1
F0423/MID4,F0423/MID3
F0423/MID4,F0423/MID7
F0423/MID5,F0423/MID2
F0423/MID5,F0423/MID1
F0423/MID5,F0423/MID3
F0423/MID5,F0423/MID7
F0423/MID6,F0423/MID7
F0424/MID1,F0424/MID3
F0424/MID2,F0424/MID3
F0425/MID1,F0425/MID3
F0425/MID1,F0425/MID7
F0425/MID1,F0425/MID8
F0425/MID1,F0425/MID4
F0425/MID1,F0425/MID9
F0425/MID1,F0425/MID10
F0425/MID2,F0425/MID3
F0425/MID2,F0425/MID4
F0425/MID3,F0425/MID4
F0425/MID5,F0425/MID10
F0425/MID5,F0425/MID4
F0425/MID5,F0425/MID7
F0425/MID5,F0425/MID8
F0425/MID5,F0425/MID1
F0425/MID5,F0425/MID3
F0425/MID5,F0425/MID9
F0425/MID6,F0425/MID4
F0425/MID6,F0425/MID3
F0425/MID6,F0425/MID8
F0425/MID6,F0425/MID7
F0425/MID6,F0425/MID10
F0425/MID6,F0425/MID9
F0425/MID7,F0425/MID10
F0426/MID1,F0426/MID6
F0426/MID4,F0426/MID3
F0426/MID4,F0426/MID6
F0426/MID5,F0426/MID6
F0427/MID1,F0427/MID3
F0427/MID1,F0427/MID2
F0427/MID2,F0427/MID4
F0427/MID3,F0427/MID4
F0427/MID5,F0427/MID4
F0427/MID6,F0427/MID2
F0431/MID2,F0431/MID4
F0432/MID1,F0432/MID5
F0432/MID2,F0432/MID5
F0432/MID3,F0432/MID2
F0432/MID3,F0432/MID4
F0432/MID3,F0432/MID1
F0432/MID4,F0432/MID5
F0432/MID6,F0432/MID1
F0432/MID6,F0432/MID4
F0432/MID6,F0432/MID2
F0432/MID6,F0432/MID5
F0435/MID1,F0435/MID5
F0435/MID1,F0435/MID4
F0435/MID2,F0435/MID4
F0435/MID2,F0435/MID5
F0435/MID2,F0435/MID1
F0435/MID3,F0435/MID1
F0435/MID3,F0435/MID5
F0435/MID3,F0435/MID4
F0435/MID4,F0435/MID5
F0438/MID1,F0438/MID2
F0438/MID1,F0438/MID7
F0438/MID1,F0438/MID6
F0438/MID2,F0438/MID7
F0438/MID2,F0438/MID6
F0438/MID3,F0438/MID1
F0438/MID3,F0438/MID7
F0438/MID3,F0438/MID2
F0438/MID4,F0438/MID6
F0438/MID4,F0438/MID7
F0438/MID4,F0438/MID1
F0438/MID4,F0438/MID3
F0438/MID4,F0438/MID2
F0438/MID5,F0438/MID7
F0438/MID5,F0438/MID6
F0438/MID5,F0438/MID2
F0438/MID5,F0438/MID1
F0438/MID6,F0438/MID7
F0439/MID1,F0439/MID6
F0439/MID1,F0439/MID9
F0439/MID1,F0439/MID8
F0439/MID1,F0439/MID3
F0439/MID1,F0439/MID5
F0439/MID2,F0439/MID6
F0439/MID2,F0439/MID5
F0439/MID3,F0439/MID8
F0439/MID3,F0439/MID9
F0439/MID4,F0439/MID6
F0439/MID4,F0439/MID5
F0439/MID4,F0439/MID9
F0439/MID4,F0439/MID3
F0439/MID4,F0439/MID8
F0439/MID4,F0439/MID1
F0439/MID5,F0439/MID6
F0439/MID7,F0439/MID5
F0439/MID7,F0439/MID8
F0439/MID7,F0439/MID3
F0439/MID7,F0439/MID1
F0439/MID7,F0439/MID9
F0439/MID7,F0439/MID6
F0439/MID8,F0439/MID9
F0440/MID1,F0440/MID2
F0440/MID3,F0440/MID2
F0440/MID3,F0440/MID1
F0440/MID4,F0440/MID2
F0443/MID1,F0443/MID4
F0443/MID2,F0443/MID5
F0443/MID3,F0443/MID4
F0444/MID1,F0444/MID3
F0444/MID2,F0444/MID1
F0444/MID2,F0444/MID3
F0444/MID2,F0444/MID4
F0444/MID3,F0444/MID4
F0446/MID1,F0446/MID3
F0446/MID1,F0446/MID4
F0446/MID1,F0446/MID6
F0446/MID1,F0446/MID2
F0446/MID2,F0446/MID4
F0446/MID2,F0446/MID3
F0446/MID2,F0446/MID6
F0446/MID3,F0446/MID6
F0446/MID3,F0446/MID4
F0446/MID4,F0446/MID6
F0446/MID5,F0446/MID6
F0446/MID7,F0446/MID2
F0446/MID7,F0446/MID3
F0446/MID7,F0446/MID4
F0452/MID1,F0452/MID4
F0452/MID2,F0452/MID4
F0456/MID1,F0456/MID3
F0456/MID1,F0456/MID4
F0456/MID2,F0456/MID4
F0456/MID2,F0456/MID3
F0456/MID3,F0456/MID4
F0459/MID1,F0459/MID2
F0459/MID1,F0459/MID7
F0459/MID1,F0459/MID8
F0459/MID2,F0459/MID8
F0459/MID2,F0459/MID4
F0459/MID2,F0459/MID3
F0459/MID3,F0459/MID4
F0459/MID3,F0459/MID5
F0459/MID6,F0459/MID2
F0459/MID6,F0459/MID8
F0460/MID1,F0460/MID5
F0460/MID10,F0460/MID9
F0460/MID2,F0460/MID4
F0460/MID3,F0460/MID4
F0460/MID4,F0460/MID5
F0460/MID4,F0460/MID9
F0460/MID5,F0460/MID8
F0460/MID5,F0460/MID7
F0460/MID6,F0460/MID7
F0460/MID6,F0460/MID8
F0460/MID7,F0460/MID1
F0460/MID7,F0460/MID8
F0460/MID7,F0460/MID2
F0460/MID8,F0460/MID1
F0460/MID9,F0460/MID1
F0460/MID9,F0460/MID2
F0464/MID1,F0464/MID3
F0464/MID2,F0464/MID3
F0465/MID1,F0465/MID2
F0465/MID4,F0465/MID1
F0465/MID4,F0465/MID2
F0468/MID1,F0468/MID2
F0468/MID2,F0468/MID3
F0468/MID4,F0468/MID2
F0468/MID4,F0468/MID3
F0470/MID2,F0470/MID3
F0470/MID3,F0470/MID4
F0472/MID1,F0472/MID2
F0472/MID2,F0472/MID4
F0473/MID2,F0473/MID6
F0473/MID3,F0473/MID4
F0473/MID5,F0473/MID6
F0479/MID1,F0479/MID3
F0479/MID1,F0479/MID6
F0479/MID1,F0479/MID5
F0479/MID1,F0479/MID4
F0479/MID2,F0479/MID3
F0479/MID2,F0479/MID4
F0479/MID2,F0479/MID6
F0479/MID2,F0479/MID5
F0479/MID3,F0479/MID4
F0479/MID3,F0479/MID6
F0479/MID3,F0479/MID5
F0479/MID4,F0479/MID5
F0479/MID4,F0479/MID6
F0479/MID7,F0479/MID1
F0481/MID1,F0481/MID4
F0481/MID1,F0481/MID3
F0481/MID1,F0481/MID5
F0481/MID1,F0481/MID8
F0481/MID2,F0481/MID4
F0481/MID2,F0481/MID3
F0481/MID3,F0481/MID4
F0481/MID3,F0481/MID5
F0481/MID6,F0481/MID3
F0481/MID6,F0481/MID5
F0481/MID6,F0481/MID1
F0481/MID8,F0481/MID9
F0482/MID1,F0482/MID4
F0482/MID3,F0482/MID4
F0486/MID1,F0486/MID6
F0486/MID2,F0486/MID4
F0486/MID2,F0486/MID6
F0486/MID3,F0486/MID4
F0486/MID4,F0486/MID6
F0486/MID5,F0486/MID6
F0487/MID1,F0487/MID2
F0487/MID3,F0487/MID2
F0487/MID3,F0487/MID1
F0488/MID1,F0488/MID4
F0488/MID1,F0488/MID3
F0488/MID2,F0488/MID3
F0488/MID2,F0488/MID4
F0488/MID3,F0488/MID4
F0489/MID1,F0489/MID2
F0489/MID2,F0489/MID3
F0489/MID4,F0489/MID3
F0491/MID1,F0491/MID3
F0491/MID2,F0491/MID4
F0491/MID2,F0491/MID3
F0494/MID1,F0494/MID3
F0494/MID1,F0494/MID5
F0494/MID1,F0494/MID4
F0494/MID2,F0494/MID4
F0494/MID2,F0494/MID5
F0494/MID2,F0494/MID3
F0494/MID3,F0494/MID4
F0494/MID3,F0494/MID5
F0494/MID4,F0494/MID5
F0497/MID1,F0497/MID3
F0497/MID2,F0497/MID3
F0498/MID1,F0498/MID4
F0498/MID1,F0498/MID3
F0498/MID3,F0498/MID4
F0498/MID5,F0498/MID1
F0498/MID5,F0498/MID3
F0498/MID5,F0498/MID4
F0498/MID6,F0498/MID4
F0498/MID6,F0498/MID3
F0498/MID6,F0498/MID1
F0499/MID1,F0499/MID3
F0499/MID2,F0499/MID3
F0500/MID1,F0500/MID2
F0500/MID1,F0500/MID5
F0500/MID2,F0500/MID5
F0500/MID3,F0500/MID1
F0500/MID3,F0500/MID5
F0500/MID4,F0500/MID1
F0500/MID4,F0500/MID5
F0501/MID1,F0501/MID4
F0501/MID1,F0501/MID5
F0501/MID1,F0501/MID3
F0501/MID2,F0501/MID3
F0501/MID2,F0501/MID4
F0501/MID2,F0501/MID5
F0501/MID3,F0501/MID5
F0501/MID3,F0501/MID4
F0501/MID4,F0501/MID5
F0502/MID1,F0502/MID2
F0503/MID1,F0503/MID7
F0503/MID1,F0503/MID6
F0503/MID10,F0503/MID3
F0503/MID10,F0503/MID7
F0503/MID10,F0503/MID1
F0503/MID10,F0503/MID6
F0503/MID10,F0503/MID11
F0503/MID10,F0503/MID8
F0503/MID10,F0503/MID2
F0503/MID2,F0503/MID1
F0503/MID2,F0503/MID7
F0503/MID2,F0503/MID11
F0503/MID2,F0503/MID6
F0503/MID2,F0503/MID4
F0503/MID3,F0503/MID11
F0503/MID3,F0503/MID8
F0503/MID5,F0503/MID7
F0503/MID5,F0503/MID6
F0503/MID6,F0503/MID7
F0503/MID9,F0503/MID8
F0504/MID1,F0504/MID2
F0508/MID1,F0508/MID4
F0508/MID1,F0508/MID5
F0508/MID1,F0508/MID2
F0508/MID2,F0508/MID5
F0508/MID2,F0508/MID4
F0508/MID3,F0508/MID4
F0508/MID4,F0508/MID5
F0512/MID1,F0512/MID3
F0512/MID4,F0512/MID1
F0512/MID5,F0512/MID3
F0515/MID1,F0515/MID4
F0515/MID2,F0515/MID3
F0516/MID1,F0516/MID2
F0516/MID3,F0516/MID1
F0516/MID3,F0516/MID2
F0516/MID4,F0516/MID1
F0516/MID4,F0516/MID2
F0517/MID1,F0517/MID2
F0517/MID1,F0517/MID4
F0517/MID1,F0517/MID5
F0517/MID1,F0517/MID3
F0517/MID2,F0517/MID3
F0517/MID2,F0517/MID4
F0517/MID2,F0517/MID5
F0517/MID3,F0517/MID4
F0517/MID3,F0517/MID5
F0517/MID4,F0517/MID5
F0519/MID2,F0519/MID1
F0524/MID1,F0524/MID4
F0524/MID3,F0524/MID4
F0526/MID1,F0526/MID3
F0526/MID2,F0526/MID3
F0526/MID4,F0526/MID1
F0526/MID5,F0526/MID1
F0530/MID1,F0530/MID4
F0530/MID1,F0530/MID3
F0530/MID2,F0530/MID4
F0530/MID2,F0530/MID3
F0530/MID3,F0530/MID4
F0531/MID1,F0531/MID3
F0531/MID1,F0531/MID4
F0531/MID2,F0531/MID3
F0531/MID2,F0531/MID4
F0531/MID3,F0531/MID4
F0532/MID3,F0532/MID4
F0532/MID3,F0532/MID1
F0532/MID5,F0532/MID4
F0533/MID1,F0533/MID5
F0533/MID2,F0533/MID6
F0533/MID3,F0533/MID4
F0536/MID1,F0536/MID5
F0536/MID1,F0536/MID3
F0536/MID1,F0536/MID2
F0536/MID2,F0536/MID5
F0536/MID4,F0536/MID2
F0536/MID4,F0536/MID5
F0536/MID6,F0536/MID5
F0536/MID6,F0536/MID4
F0536/MID6,F0536/MID2
F0537/MID1,F0537/MID6
F0537/MID1,F0537/MID3
F0537/MID1,F0537/MID5
F0537/MID1,F0537/MID4
F0537/MID2,F0537/MID4
F0537/MID2,F0537/MID6
F0537/MID2,F0537/MID3
F0537/MID2,F0537/MID5
F0537/MID3,F0537/MID4
F0537/MID3,F0537/MID6
F0537/MID3,F0537/MID5
F0537/MID4,F0537/MID6
F0537/MID4,F0537/MID5
F0537/MID5,F0537/MID6
F0538/MID1,F0538/MID3
F0538/MID2,F0538/MID3
F0538/MID4,F0538/MID2
F0538/MID4,F0538/MID3
F0538/MID5,F0538/MID3
F0538/MID5,F0538/MID2
F0539/MID1,F0539/MID3
F0539/MID1,F0539/MID4
F0539/MID2,F0539/MID3
F0539/MID2,F0539/MID4
F0539/MID3,F0539/MID4
F0540/MID1,F0540/MID2
F0540/MID1,F0540/MID4
F0540/MID1,F0540/MID3
F0540/MID2,F0540/MID3
F0543/MID1,F0543/MID2
F0543/MID1,F0543/MID3
F0543/MID2,F0543/MID3
F0543/MID4,F0543/MID2
F0543/MID4,F0543/MID3
F0543/MID4,F0543/MID1
F0543/MID5,F0543/MID2
F0543/MID5,F0543/MID3
F0545/MID1,F0545/MID3
F0545/MID1,F0545/MID4
F0545/MID1,F0545/MID6
F0545/MID2,F0545/MID3
F0545/MID2,F0545/MID6
F0545/MID2,F0545/MID4
F0545/MID3,F0545/MID6
F0545/MID3,F0545/MID4
F0545/MID4,F0545/MID6
F0545/MID5,F0545/MID1
F0548/MID1,F0548/MID4
F0548/MID1,F0548/MID3
F0548/MID2,F0548/MID4
F0548/MID2,F0548/MID3
F0548/MID3,F0548/MID4
F0552/MID1,F0552/MID10
F0552/MID1,F0552/MID6
F0552/MID1,F0552/MID12
F0552/MID1,F0552/MID5
F0552/MID1,F0552/MID4
F0552/MID1,F0552/MID3
F0552/MID1,F0552/MID13
F0552/MID1,F0552/MID9
F0552/MID1,F0552/MID8
F0552/MID11,F0552/MID8
F0552/MID11,F0552/MID1
F0552/MID11,F0552/MID10
F0552/MID11,F0552/MID9
F0552/MID12,F0552/MID13
F0552/MID2,F0552/MID3
F0552/MID2,F0552/MID4
F0552/MID2,F0552/MID12
F0552/MID3,F0552/MID5
F0552/MID4,F0552/MID12
F0552/MID4,F0552/MID6
F0552/MID5,F0552/MID13
F0552/MID5,F0552/MID12
F0552/MID6,F0552/MID12
F0552/MID6,F0552/MID13
F0552/MID7,F0552/MID10
F0552/MID7,F0552/MID9
F0552/MID7,F0552/MID1
F0552/MID7,F0552/MID8
F0552/MID8,F0552/MID10
F0552/MID8,F0552/MID9
F0552/MID9,F0552/MID10
F0556/MID1,F0556/MID2
F0556/MID3,F0556/MID2
F0556/MID4,F0556/MID1
F0556/MID4,F0556/MID2
F0556/MID5,F0556/MID2
F0556/MID5,F0556/MID1
F0561/MID1,F0561/MID5
F0561/MID3,F0561/MID1
F0561/MID3,F0561/MID5
F0561/MID4,F0561/MID1
F0561/MID5,F0561/MID4
F0565/MID1,F0565/MID4
F0565/MID2,F0565/MID4
F0565/MID2,F0565/MID1
F0565/MID3,F0565/MID1
F0565/MID3,F0565/MID4
F0568/MID1,F0568/MID5
F0568/MID1,F0568/MID4
F0568/MID2,F0568/MID5
F0568/MID2,F0568/MID1
F0568/MID2,F0568/MID4
F0568/MID3,F0568/MID4
F0568/MID3,F0568/MID5
F0568/MID3,F0568/MID1
F0568/MID4,F0568/MID5
F0574/MID1,F0574/MID3
F0574/MID1,F0574/MID2
F0574/MID2,F0574/MID3
F0574/MID4,F0574/MID2
F0579/MID1,F0579/MID7
F0579/MID1,F0579/MID2
F0579/MID1,F0579/MID6
F0579/MID1,F0579/MID5
F0579/MID1,F0579/MID3
F0579/MID1,F0579/MID4
F0579/MID2,F0579/MID3
F0579/MID4,F0579/MID5
F0579/MID4,F0579/MID7
F0579/MID4,F0579/MID6
F0579/MID5,F0579/MID6
F0579/MID5,F0579/MID7
F0579/MID6,F0579/MID7
F0579/MID8,F0579/MID1
F0579/MID8,F0579/MID3
F0579/MID8,F0579/MID5
F0579/MID8,F0579/MID2
F0579/MID8,F0579/MID7
F0579/MID8,F0579/MID4
F0579/MID8,F0579/MID6
F0579/MID9,F0579/MID5
F0579/MID9,F0579/MID6
F0579/MID9,F0579/MID3
F0579/MID9,F0579/MID1
F0579/MID9,F0579/MID4
F0579/MID9,F0579/MID2
F0579/MID9,F0579/MID7
F0582/MID1,F0582/MID3
F0582/MID2,F0582/MID3
F0584/MID1,F0584/MID2
F0584/MID3,F0584/MID2
F0584/MID4,F0584/MID1
F0585/MID1,F0585/MID6
F0585/MID1,F0585/MID5
F0585/MID2,F0585/MID6
F0585/MID2,F0585/MID1
F0585/MID3,F0585/MID1
F0585/MID3,F0585/MID6
F0585/MID4,F0585/MID5
F0585/MID5,F0585/MID6
F0589/MID2,F0589/MID4
F0589/MID2,F0589/MID3
F0590/MID1,F0590/MID7
F0590/MID1,F0590/MID3
F0590/MID2,F0590/MID5
F0590/MID2,F0590/MID3
F0590/MID3,F0590/MID5
F0590/MID3,F0590/MID4
F0590/MID4,F0590/MID5
F0590/MID6,F0590/MID4
F0590/MID6,F0590/MID5
F0590/MID6,F0590/MID7
F0590/MID6,F0590/MID1
F0590/MID6,F0590/MID3
F0590/MID8,F0590/MID3
F0590/MID8,F0590/MID4
F0590/MID8,F0590/MID5
F0590/MID8,F0590/MID7
F0590/MID8,F0590/MID1
F0591/MID1,F0591/MID3
F0591/MID2,F0591/MID3
F0592/MID1,F0592/MID3
F0592/MID2,F0592/MID3
F0592/MID4,F0592/MID2
F0592/MID4,F0592/MID3
F0592/MID5,F0592/MID3
F0592/MID5,F0592/MID2
F0593/MID1,F0593/MID4
F0593/MID1,F0593/MID3
F0593/MID1,F0593/MID5
F0593/MID2,F0593/MID4
F0593/MID2,F0593/MID3
F0593/MID2,F0593/MID5
F0593/MID3,F0593/MID4
F0593/MID3,F0593/MID5
F0593/MID4,F0593/MID5
F0595/MID1,F0595/MID4
F0595/MID1,F0595/MID5
F0595/MID1,F0595/MID6
F0595/MID2,F0595/MID1
F0595/MID3,F0595/MID6
F0595/MID3,F0595/MID5
F0595/MID5,F0595/MID6
F0596/MID1,F0596/MID3
F0596/MID1,F0596/MID4
F0596/MID2,F0596/MID4
F0596/MID2,F0596/MID3
F0596/MID3,F0596/MID4
F0599/MID1,F0599/MID3
F0599/MID1,F0599/MID2
F0599/MID1,F0599/MID5
F0599/MID2,F0599/MID3
F0599/MID2,F0599/MID5
F0599/MID3,F0599/MID5
F0599/MID4,F0599/MID5
F0599/MID4,F0599/MID1
F0599/MID4,F0599/MID3
F0599/MID4,F0599/MID2
F0599/MID6,F0599/MID5
F0599/MID6,F0599/MID2
F0599/MID6,F0599/MID1
F0601/MID1,F0601/MID24
F0601/MID1,F0601/MID26
F0601/MID1,F0601/MID27
F0601/MID1,F0601/MID8
F0601/MID1,F0601/MID5
F0601/MID10,F0601/MID13
F0601/MID11,F0601/MID12
F0601/MID13,F0601/MID14
F0601/MID15,F0601/MID14
F0601/MID16,F0601/MID41
F0601/MID16,F0601/MID40
F0601/MID17,F0601/MID25
F0601/MID17,F0601/MID26
F0601/MID17,F0601/MID27
F0601/MID17,F0601/MID24
F0601/MID17,F0601/MID1
F0601/MID18,F0601/MID31
F0601/MID18,F0601/MID28
F0601/MID18,F0601/MID30
F0601/MID19,F0601/MID7
F0601/MID19,F0601/MID6
F0601/MID2,F0601/MID5
F0601/MID2,F0601/MID9
F0601/MID2,F0601/MID10
F0601/MID2,F0601/MID16
F0601/MID2,F0601/MID8
F0601/MID20,F0601/MID33
F0601/MID20,F0601/MID42
F0601/MID20,F0601/MID38
F0601/MID20,F0601/MID21
F0601/MID21,F0601/MID33
F0601/MID22,F0601/MID11
F0601/MID22,F0601/MID12
F0601/MID23,F0601/MID27
F0601/MID23,F0601/MID26
F0601/MID23,F0601/MID25
F0601/MID23,F0601/MID1
F0601/MID23,F0601/MID36
F0601/MID23,F0601/MID24
F0601/MID24,F0601/MID26
F0601/MID24,F0601/MID25
F0601/MID24,F0601/MID27
F0601/MID25,F0601/MID26
F0601/MID25,F0601/MID27
F0601/MID26,F0601/MID27
F0601/MID28,F0601/MID34
F0601/MID29,F0601/MID28
F0601/MID29,F0601/MID18
F0601/MID3,F0601/MID16
F0601/MID3,F0601/MID2
F0601/MID30,F0601/MID31
F0601/MID32,F0601/MID31
F0601/MID32,F0601/MID30
F0601/MID35,F0601/MID34
F0601/MID37,F0601/MID3
F0601/MID39,F0601/MID40
F0601/MID4,F0601/MID16
F0601/MID4,F0601/MID2
F0601/MID40,F0601/MID41
F0601/MID5,F0601/MID9
F0601/MID5,F0601/MID7
F0601/MID5,F0601/MID6
F0601/MID5,F0601/MID8
F0601/MID5,F0601/MID10
F0601/MID6,F0601/MID7
F0601/MID6,F0601/MID33
F0601/MID6,F0601/MID38
F0601/MID6,F0601/MID21
F0601/MID8,F0601/MID9
F0601/MID8,F0601/MID10
F0601/MID8,F0601/MID18
F0601/MID8,F0601/MID28
F0601/MID9,F0601/MID10
F0601/MID9,F0601/MID12
F0601/MID9,F0601/MID11
F0603/MID1,F0603/MID3
F0603/MID2,F0603/MID3
F0604/MID1,F0604/MID3
F0604/MID1,F0604/MID4
F0604/MID2,F0604/MID4
F0604/MID2,F0604/MID3
F0604/MID3,F0604/MID4
F0607/MID1,F0607/MID3
F0607/MID1,F0607/MID2
F0607/MID2,F0607/MID3
F0610/MID1,F0610/MID5
F0610/MID1,F0610/MID3
F0610/MID1,F0610/MID2
F0610/MID2,F0610/MID3
F0610/MID3,F0610/MID5
F0610/MID4,F0610/MID1
F0610/MID4,F0610/MID3
F0610/MID4,F0610/MID7
F0610/MID4,F0610/MID2
F0610/MID6,F0610/MID7
F0617/MID1,F0617/MID4
F0617/MID1,F0617/MID3
F0617/MID1,F0617/MID6
F0617/MID2,F0617/MID3
F0617/MID2,F0617/MID4
F0617/MID3,F0617/MID4
F0617/MID5,F0617/MID1
F0617/MID5,F0617/MID6
F0617/MID5,F0617/MID3
F0617/MID5,F0617/MID4
F0617/MID7,F0617/MID1
F0617/MID7,F0617/MID3
F0617/MID7,F0617/MID6
F0617/MID7,F0617/MID4
F0621/MID1,F0621/MID4
F0621/MID1,F0621/MID3
F0621/MID1,F0621/MID5
F0621/MID1,F0621/MID2
F0621/MID2,F0621/MID3
F0621/MID2,F0621/MID4
F0621/MID2,F0621/MID5
F0621/MID3,F0621/MID4
F0621/MID4,F0621/MID5
F0623/MID1,F0623/MID2
F0625/MID1,F0625/MID5
F0625/MID1,F0625/MID3
F0625/MID1,F0625/MID4
F0625/MID1,F0625/MID6
F0625/MID2,F0625/MID3
F0625/MID2,F0625/MID4
F0625/MID3,F0625/MID4
F0625/MID5,F0625/MID6
F0627/MID1,F0627/MID3
F0627/MID2,F0627/MID3
F0630/MID1,F0630/MID3
F0630/MID1,F0630/MID2
F0630/MID2,F0630/MID3
F0631/MID1,F0631/MID2
F0631/MID1,F0631/MID4
F0631/MID2,F0631/MID4
F0631/MID3,F0631/MID1
F0631/MID5,F0631/MID1
F0631/MID5,F0631/MID2
F0631/MID5,F0631/MID4
F0635/MID1,F0635/MID2
F0635/MID1,F0635/MID5
F0635/MID1,F0635/MID4
F0635/MID3,F0635/MID5
F0635/MID4,F0635/MID5
F0638/MID2,F0638/MID3
F0638/MID4,F0638/MID3
F0638/MID4,F0638/MID2
F0638/MID5,F0638/MID3
F0638/MID5,F0638/MID2
F0638/MID6,F0638/MID1
F0638/MID7,F0638/MID1
F0639/MID1,F0639/MID3
F0639/MID2,F0639/MID1
F0639/MID3,F0639/MID4
F0639/MID3,F0639/MID7
F0639/MID5,F0639/MID7
F0639/MID5,F0639/MID3
F0639/MID5,F0639/MID4
F0639/MID6,F0639/MID7
F0641/MID1,F0641/MID3
F0641/MID1,F0641/MID7
F0641/MID1,F0641/MID6
F0641/MID1,F0641/MID5
F0641/MID1,F0641/MID4
F0641/MID2,F0641/MID4
F0641/MID2,F0641/MID6
F0641/MID2,F0641/MID5
F0641/MID2,F0641/MID3
F0641/MID2,F0641/MID7
F0641/MID3,F0641/MID7
F0641/MID3,F0641/MID4
F0641/MID3,F0641/MID5
F0641/MID3,F0641/MID6
F0641/MID4,F0641/MID5
F0641/MID4,F0641/MID7
F0641/MID5,F0641/MID6
F0641/MID5,F0641/MID7
F0641/MID6,F0641/MID7
F0642/MID1,F0642/MID7
F0642/MID1,F0642/MID3
F0642/MID1,F0642/MID5
F0642/MID2,F0642/MID7
F0642/MID2,F0642/MID3
F0642/MID3,F0642/MID7
F0642/MID4,F0642/MID7
F0642/MID4,F0642/MID1
F0642/MID4,F0642/MID3
F0642/MID4,F0642/MID2
F0642/MID6,F0642/MID1
F0644/MID1,F0644/MID2
F0644/MID1,F0644/MID5
F0644/MID2,F0644/MID3
F0644/MID2,F0644/MID5
F0644/MID3,F0644/MID1
F0644/MID3,F0644/MID5
F0644/MID4,F0644/MID5
F0644/MID4,F0644/MID3
F0644/MID4,F0644/MID2
F0646/MID1,F0646/MID5
F0646/MID1,F0646/MID2
F0646/MID1,F0646/MID6
F0646/MID1,F0646/MID4
F0646/MID2,F0646/MID4
F0646/MID2,F0646/MID5
F0646/MID2,F0646/MID3
F0646/MID2,F0646/MID6
F0646/MID3,F0646/MID4
F0646/MID3,F0646/MID6
F0646/MID3,F0646/MID5
F0646/MID4,F0646/MID5
F0646/MID4,F0646/MID6
F0646/MID5,F0646/MID6
F0651/MID1,F0651/MID4
F0651/MID2,F0651/MID4
F0651/MID3,F0651/MID4
F0655/MID1,F0655/MID2
F0655/MID3,F0655/MID2
F0656/MID1,F0656/MID5
F0656/MID2,F0656/MID4
F0656/MID2,F0656/MID5
F0656/MID4,F0656/MID5
F0658/MID1,F0658/MID7
F0658/MID1,F0658/MID6
F0658/MID1,F0658/MID8
F0658/MID1,F0658/MID3
F0658/MID2,F0658/MID6
F0658/MID2,F0658/MID3
F0658/MID2,F0658/MID8
F0658/MID3,F0658/MID7
F0658/MID3,F0658/MID8
F0658/MID4,F0658/MID1
F0658/MID4,F0658/MID7
F0658/MID5,F0658/MID8
F0658/MID5,F0658/MID3
F0658/MID7,F0658/MID8
F0658/MID8,F0658/MID6
F0659/MID1,F0659/MID2
F0661/MID1,F0661/MID2
F0661/MID4,F0661/MID2
F0661/MID4,F0661/MID3
F0664/MID1,F0664/MID6
F0664/MID1,F0664/MID7
F0664/MID1,F0664/MID3
F0664/MID1,F0664/MID5
F0664/MID2,F0664/MID4
F0664/MID2,F0664/MID3
F0664/MID2,F0664/MID5
F0664/MID8,F0664/MID1
F0664/MID8,F0664/MID5
F0664/MID8,F0664/MID7
F0664/MID8,F0664/MID4
F0664/MID8,F0664/MID3
F0664/MID8,F0664/MID6
F0664/MID9,F0664/MID1
F0664/MID9,F0664/MID4
F0664/MID9,F0664/MID7
F0664/MID9,F0664/MID3
F0664/MID9,F0664/MID5
F0664/MID9,F0664/MID6
F0665/MID1,F0665/MID4
F0665/MID1,F0665/MID5
F0665/MID1,F0665/MID3
F0665/MID2,F0665/MID5
F0665/MID2,F0665/MID4
F0665/MID2,F0665/MID3
F0665/MID3,F0665/MID5
F0665/MID3,F0665/MID4
F0665/MID4,F0665/MID5
F0669/MID1,F0669/MID2
F0669/MID1,F0669/MID4
F0669/MID2,F0669/MID4
F0669/MID3,F0669/MID2
F0669/MID3,F0669/MID4
F0670/MID1,F0670/MID3
F0670/MID1,F0670/MID2
F0670/MID2,F0670/MID3
F0672/MID1,F0672/MID2
F0672/MID1,F0672/MID4
F0672/MID1,F0672/MID3
F0672/MID1,F0672/MID7
F0672/MID2,F0672/MID3
F0672/MID2,F0672/MID7
F0672/MID3,F0672/MID7
F0672/MID5,F0672/MID4
F0672/MID6,F0672/MID3
F0672/MID6,F0672/MID2
F0672/MID6,F0672/MID7
F0673/MID1,F0673/MID3
F0673/MID1,F0673/MID5
F0673/MID3,F0673/MID5
F0673/MID3,F0673/MID8
F0673/MID3,F0673/MID6
F0673/MID3,F0673/MID7
F0673/MID4,F0673/MID1
F0673/MID6,F0673/MID8
F0673/MID6,F0673/MID7
F0673/MID7,F0673/MID8
F0674/MID1,F0674/MID3
F0674/MID1,F0674/MID5
F0674/MID1,F0674/MID4
F0674/MID2,F0674/MID5
F0674/MID2,F0674/MID4
F0674/MID2,F0674/MID3
F0674/MID3,F0674/MID4
F0674/MID3,F0674/MID5
F0674/MID4,F0674/MID5
F0675/MID1,F0675/MID5
F0675/MID1,F0675/MID3
F0675/MID1,F0675/MID2
F0675/MID2,F0675/MID3
F0675/MID2,F0675/MID5
F0675/MID3,F0675/MID5
F0675/MID4,F0675/MID5
F0675/MID6,F0675/MID2
F0675/MID6,F0675/MID3
F0677/MID2,F0677/MID1
F0678/MID1,F0678/MID4
F0678/MID1,F0678/MID5
F0678/MID1,F0678/MID3
F0678/MID2,F0678/MID3
F0678/MID2,F0678/MID4
F0678/MID4,F0678/MID5
F0679/MID1,F0679/MID2
F0680/MID1,F0680/MID2
F0680/MID3,F0680/MID2
F0680/MID4,F0680/MID2
F0680/MID4,F0680/MID1
F0680/MID5,F0680/MID2
F0683/MID1,F0683/MID6
F0683/MID1,F0683/MID3
F0683/MID2,F0683/MID6
F0683/MID2,F0683/MID3
F0683/MID2,F0683/MID5
F0683/MID3,F0683/MID6
F0683/MID3,F0683/MID5
F0683/MID4,F0683/MID1
F0683/MID4,F0683/MID3
F0683/MID4,F0683/MID5
F0686/MID1,F0686/MID2
F0686/MID3,F0686/MID2
F0686/MID5,F0686/MID3
F0686/MID6,F0686/MID3
F0687/MID1,F0687/MID3
F0687/MID1,F0687/MID2
F0688/MID1,F0688/MID3
F0688/MID2,F0688/MID3
F0688/MID4,F0688/MID2
F0689/MID1,F0689/MID4
F0689/MID2,F0689/MID3
F0689/MID3,F0689/MID4
F0690/MID1,F0690/MID8
F0690/MID1,F0690/MID10
F0690/MID1,F0690/MID3
F0690/MID1,F0690/MID7
F0690/MID1,F0690/MID9
F0690/MID2,F0690/MID10
F0690/MID2,F0690/MID9
F0690/MID2,F0690/MID4
F0690/MID2,F0690/MID7
F0690/MID2,F0690/MID3
F0690/MID2,F0690/MID8
F0690/MID3,F0690/MID4
F0690/MID3,F0690/MID9
F0690/MID3,F0690/MID10
F0690/MID3,F0690/MID8
F0690/MID3,F0690/MID7
F0690/MID4,F0690/MID8
F0690/MID4,F0690/MID7
F0690/MID4,F0690/MID9
F0690/MID4,F0690/MID10
F0690/MID5,F0690/MID8
F0690/MID5,F0690/MID7
F0690/MID5,F0690/MID4
F0690/MID5,F0690/MID9
F0690/MID5,F0690/MID3
F0690/MID5,F0690/MID1
F0690/MID5,F0690/MID10
F0690/MID6,F0690/MID4
F0690/MID6,F0690/MID1
F0690/MID6,F0690/MID9
F0690/MID6,F0690/MID10
F0690/MID6,F0690/MID8
F0690/MID6,F0690/MID3
F0690/MID6,F0690/MID7
F0690/MID7,F0690/MID8
F0690/MID7,F0690/MID9
F0690/MID8,F0690/MID10
F0690/MID9,F0690/MID10
F0691/MID4,F0691/MID2
F0691/MID4,F0691/MID1
F0693/MID1,F0693/MID4
F0693/MID2,F0693/MID4
F0693/MID2,F0693/MID3
F0693/MID3,F0693/MID4
F0695/MID1,F0695/MID5
F0695/MID1,F0695/MID4
F0695/MID2,F0695/MID1
F0695/MID2,F0695/MID4
F0695/MID2,F0695/MID5
F0695/MID3,F0695/MID5
F0695/MID3,F0695/MID1
F0695/MID3,F0695/MID4
F0695/MID4,F0695/MID5
F0696/MID1,F0696/MID5
F0696/MID1,F0696/MID3
F0696/MID1,F0696/MID6
F0696/MID2,F0696/MID3
F0696/MID3,F0696/MID6
F0696/MID3,F0696/MID5
F0696/MID4,F0696/MID5
F0696/MID4,F0696/MID6
F0696/MID5,F0696/MID6
F0696/MID7,F0696/MID1
F0703/MID1,F0703/MID3
F0703/MID1,F0703/MID9
F0703/MID1,F0703/MID6
F0703/MID1,F0703/MID7
F0703/MID2,F0703/MID3
F0703/MID2,F0703/MID7
F0703/MID2,F0703/MID10
F0703/MID3,F0703/MID9
F0703/MID3,F0703/MID7
F0703/MID4,F0703/MID1
F0703/MID4,F0703/MID9
F0703/MID4,F0703/MID6
F0703/MID4,F0703/MID3
F0703/MID4,F0703/MID7
F0703/MID5,F0703/MID3
F0703/MID5,F0703/MID6
F0703/MID5,F0703/MID7
F0703/MID5,F0703/MID9
F0704/MID2,F0704/MID3
F0704/MID2,F0704/MID5
F0704/MID3,F0704/MID5
F0704/MID3,F0704/MID4
F0704/MID4,F0704/MID5
F0705/MID1,F0705/MID2
F0705/MID3,F0705/MID2
F0705/MID3,F0705/MID1
F0705/MID4,F0705/MID1
F0705/MID4,F0705/MID2
F0708/MID1,F0708/MID4
F0708/MID1,F0708/MID8
F0708/MID1,F0708/MID3
F0708/MID1,F0708/MID7
F0708/MID1,F0708/MID9
F0708/MID10,F0708/MID8
F0708/MID10,F0708/MID9
F0708/MID2,F0708/MID7
F0708/MID2,F0708/MID8
F0708/MID2,F0708/MID9
F0708/MID2,F0708/MID3
F0708/MID3,F0708/MID9
F0708/MID3,F0708/MID7
F0708/MID3,F0708/MID8
F0708/MID5,F0708/MID1
F0708/MID5,F0708/MID3
F0708/MID5,F0708/MID4
F0708/MID6,F0708/MID4
F0708/MID6,F0708/MID1
F0711/MID1,F0711/MID4
F0711/MID2,F0711/MID1
F0711/MID3,F0711/MID1
F0714/MID1,F0714/MID3
F0714/MID1,F0714/MID4
F0714/MID2,F0714/MID4
F0714/MID3,F0714/MID4
F0716/MID1,F0716/MID4
F0716/MID1,F0716/MID5
F0716/MID1,F0716/MID3
F0716/MID2,F0716/MID3
F0716/MID4,F0716/MID5
F0717/MID1,F0717/MID2
F0717/MID1,F0717/MID7
F0717/MID1,F0717/MID3
F0717/MID1,F0717/MID5
F0717/MID3,F0717/MID5
F0717/MID4,F0717/MID5
F0717/MID6,F0717/MID7
F0718/MID1,F0718/MID3
F0718/MID2,F0718/MID4
F0721/MID1,F0721/MID2
F0721/MID1,F0721/MID5
F0721/MID1,F0721/MID7
F0721/MID4,F0721/MID2
F0721/MID6,F0721/MID1
F0724/MID1,F0724/MID2
F0724/MID3,F0724/MID2
F0724/MID3,F0724/MID1
F0725/MID1,F0725/MID2
F0725/MID3,F0725/MID2
F0725/MID3,F0725/MID1
F0726/MID1,F0726/MID4
F0726/MID2,F0726/MID1
F0726/MID2,F0726/MID4
F0726/MID3,F0726/MID4
F0726/MID3,F0726/MID1
F0728/MID1,F0728/MID4
F0728/MID1,F0728/MID3
F0728/MID1,F0728/MID5
F0728/MID2,F0728/MID4
F0728/MID2,F0728/MID3
F0728/MID2,F0728/MID5
F0728/MID3,F0728/MID5
F0728/MID3,F0728/MID4
F0728/MID4,F0728/MID5
F0730/MID1,F0730/MID5
F0730/MID1,F0730/MID6
F0730/MID2,F0730/MID6
F0730/MID2,F0730/MID1
F0730/MID3,F0730/MID6
F0730/MID3,F0730/MID1
F0730/MID4,F0730/MID5
F0733/MID1,F0733/MID5
F0733/MID2,F0733/MID5
F0733/MID2,F0733/MID3
F0733/MID4,F0733/MID2
F0734/MID1,F0734/MID3
F0734/MID1,F0734/MID5
F0734/MID1,F0734/MID4
F0734/MID2,F0734/MID3
F0734/MID2,F0734/MID5
F0734/MID2,F0734/MID4
F0734/MID3,F0734/MID5
F0734/MID3,F0734/MID4
F0734/MID4,F0734/MID5
F0735/MID1,F0735/MID3
F0735/MID1,F0735/MID4
F0735/MID2,F0735/MID4
F0735/MID2,F0735/MID3
F0735/MID3,F0735/MID4
F0736/MID1,F0736/MID5
F0736/MID1,F0736/MID2
F0736/MID1,F0736/MID8
F0736/MID1,F0736/MID9
F0736/MID1,F0736/MID3
F0736/MID2,F0736/MID3
F0736/MID3,F0736/MID8
F0736/MID3,F0736/MID9
F0736/MID4,F0736/MID8
F0736/MID4,F0736/MID9
F0736/MID4,F0736/MID2
F0736/MID4,F0736/MID3
F0736/MID6,F0736/MID2
F0736/MID6,F0736/MID1
F0736/MID6,F0736/MID3
F0736/MID6,F0736/MID5
F0736/MID7,F0736/MID3
F0736/MID7,F0736/MID1
F0736/MID7,F0736/MID5
F0736/MID7,F0736/MID2
F0736/MID8,F0736/MID9
F0737/MID1,F0737/MID4
F0737/MID2,F0737/MID1
F0737/MID2,F0737/MID4
F0737/MID3,F0737/MID4
F0737/MID3,F0737/MID1
F0737/MID5,F0737/MID4
F0739/MID1,F0739/MID3
F0739/MID1,F0739/MID2
F0739/MID1,F0739/MID4
F0739/MID2,F0739/MID3
F0739/MID2,F0739/MID4
F0739/MID3,F0739/MID4
F0739/MID5,F0739/MID3
F0739/MID5,F0739/MID1
F0739/MID5,F0739/MID2
F0739/MID6,F0739/MID1
F0739/MID6,F0739/MID3
F0739/MID6,F0739/MID2
F0742/MID1,F0742/MID4
F0742/MID1,F0742/MID3
F0742/MID1,F0742/MID2
F0742/MID1,F0742/MID5
F0742/MID1,F0742/MID7
F0742/MID2,F0742/MID4
F0742/MID2,F0742/MID3
F0742/MID2,F0742/MID5
F0742/MID2,F0742/MID7
F0742/MID3,F0742/MID7
F0742/MID4,F0742/MID5
F0742/MID6,F0742/MID7
F0742/MID8,F0742/MID3
F0742/MID8,F0742/MID2
F0744/MID1,F0744/MID3
F0744/MID2,F0744/MID4
F0745/MID1,F0745/MID4
F0745/MID1,F0745/MID2
F0745/MID2,F0745/MID4
F0745/MID3,F0745/MID2
F0745/MID3,F0745/MID4
F0746/MID1,F0746/MID2
F0746/MID1,F0746/MID4
F0746/MID2,F0746/MID4
F0746/MID3,F0746/MID4
F0746/MID3,F0746/MID2
F0748/MID1,F0748/MID3
F0752/MID1,F0752/MID10
F0752/MID1,F0752/MID6
F0752/MID1,F0752/MID7
F0752/MID1,F0752/MID8
F0752/MID1,F0752/MID4
F0752/MID1,F0752/MID5
F0752/MID2,F0752/MID5
F0752/MID2,F0752/MID7
F0752/MID2,F0752/MID6
F0752/MID2,F0752/MID4
F0752/MID2,F0752/MID3
F0752/MID3,F0752/MID10
F0752/MID3,F0752/MID5
F0752/MID4,F0752/MID5
F0752/MID6,F0752/MID8
F0752/MID6,F0752/MID7
F0752/MID9,F0752/MID7
F0752/MID9,F0752/MID6
F0752/MID9,F0752/MID8
F0754/MID1,F0754/MID5
F0754/MID1,F0754/MID2
F0754/MID1,F0754/MID4
F0754/MID1,F0754/MID3
F0754/MID2,F0754/MID5
F0754/MID2,F0754/MID3
F0754/MID2,F0754/MID4
F0754/MID3,F0754/MID5
F0754/MID3,F0754/MID7
F0754/MID3,F0754/MID4
F0754/MID4,F0754/MID5
F0754/MID8,F0754/MID7
F0754/MID9,F0754/MID4
F0756/MID1,F0756/MID4
F0756/MID1,F0756/MID3
F0756/MID2,F0756/MID3
F0756/MID2,F0756/MID4
F0756/MID3,F0756/MID4
F0756/MID5,F0756/MID3
F0756/MID5,F0756/MID4
F0756/MID5,F0756/MID1
F0758/MID1,F0758/MID2
F0760/MID1,F0760/MID3
F0760/MID1,F0760/MID4
F0760/MID2,F0760/MID4
F0760/MID2,F0760/MID3
F0760/MID3,F0760/MID4
F0761/MID1,F0761/MID3
F0761/MID2,F0761/MID3
F0762/MID1,F0762/MID2
F0762/MID1,F0762/MID3
F0762/MID2,F0762/MID3
F0762/MID4,F0762/MID3
F0762/MID4,F0762/MID2
F0762/MID5,F0762/MID3
F0762/MID5,F0762/MID1
F0762/MID5,F0762/MID2
F0762/MID6,F0762/MID3
F0762/MID6,F0762/MID1
F0762/MID6,F0762/MID2
F0763/MID1,F0763/MID4
F0763/MID1,F0763/MID5
F0763/MID1,F0763/MID2
F0763/MID1,F0763/MID7
F0763/MID1,F0763/MID6
F0763/MID2,F0763/MID7
F0763/MID2,F0763/MID4
F0763/MID3,F0763/MID4
F0763/MID3,F0763/MID7
F0763/MID3,F0763/MID6
F0763/MID3,F0763/MID8
F0763/MID3,F0763/MID2
F0763/MID3,F0763/MID5
F0763/MID4,F0763/MID9
F0763/MID4,F0763/MID7
F0763/MID4,F0763/MID6
F0763/MID4,F0763/MID5
F0763/MID4,F0763/MID8
F0763/MID5,F0763/MID7
F0763/MID5,F0763/MID9
F0763/MID5,F0763/MID6
F0763/MID5,F0763/MID8
F0763/MID6,F0763/MID8
F0763/MID6,F0763/MID7
F0763/MID6,F0763/MID9
F0763/MID7,F0763/MID8
F0763/MID7,F0763/MID9
F0763/MID8,F0763/MID9
F0765/MID1,F0765/MID2
F0765/MID2,F0765/MID5
F0765/MID2,F0765/MID4
F0765/MID3,F0765/MID4
F0765/MID3,F0765/MID5
F0765/MID4,F0765/MID5
F0768/MID1,F0768/MID6
F0768/MID1,F0768/MID5
F0768/MID1,F0768/MID2
F0768/MID1,F0768/MID3
F0768/MID2,F0768/MID3
F0768/MID4,F0768/MID2
F0768/MID4,F0768/MID3
F0768/MID5,F0768/MID6
F0769/MID1,F0769/MID2
F0769/MID1,F0769/MID3
F0769/MID1,F0769/MID7
F0769/MID2,F0769/MID3
F0769/MID4,F0769/MID2
F0769/MID4,F0769/MID3
F0769/MID5,F0769/MID1
F0769/MID5,F0769/MID3
F0769/MID5,F0769/MID7
F0769/MID5,F0769/MID2
F0769/MID6,F0769/MID2
F0769/MID6,F0769/MID7
F0769/MID6,F0769/MID1
F0770/MID1,F0770/MID3
F0770/MID1,F0770/MID2
F0770/MID2,F0770/MID3
F0770/MID5,F0770/MID3
F0770/MID5,F0770/MID2
F0771/MID1,F0771/MID6
F0771/MID1,F0771/MID5
F0771/MID2,F0771/MID4
F0771/MID2,F0771/MID3
F0771/MID3,F0771/MID5
F0771/MID3,F0771/MID4
F0771/MID4,F0771/MID5
F0771/MID4,F0771/MID6
F0771/MID5,F0771/MID6
F0773/MID1,F0773/MID3
F0773/MID1,F0773/MID4
F0773/MID2,F0773/MID3
F0773/MID5,F0773/MID2
F0773/MID5,F0773/MID3
F0773/MID5,F0773/MID4
F0773/MID5,F0773/MID1
F0773/MID6,F0773/MID1
F0773/MID6,F0773/MID4
F0773/MID6,F0773/MID3
F0773/MID6,F0773/MID2
F0774/MID1,F0774/MID3
F0774/MID1,F0774/MID7
F0774/MID1,F0774/MID4
F0774/MID2,F0774/MID3
F0774/MID2,F0774/MID4
F0774/MID3,F0774/MID4
F0774/MID5,F0774/MID3
F0774/MID5,F0774/MID7
F0774/MID5,F0774/MID4
F0774/MID5,F0774/MID1
F0774/MID6,F0774/MID1
F0774/MID6,F0774/MID7
F0774/MID6,F0774/MID3
F0774/MID6,F0774/MID4
F0778/MID3,F0778/MID1
F0778/MID4,F0778/MID3
F0780/MID2,F0780/MID1
F0780/MID3,F0780/MID1
F0783/MID1,F0783/MID2
F0783/MID1,F0783/MID5
F0783/MID1,F0783/MID4
F0783/MID3,F0783/MID5
F0783/MID3,F0783/MID4
F0783/MID4,F0783/MID5
F0784/MID1,F0784/MID3
F0784/MID2,F0784/MID3
F0785/MID1,F0785/MID5
F0785/MID1,F0785/MID2
F0785/MID1,F0785/MID3
F0785/MID1,F0785/MID4
F0785/MID2,F0785/MID4
F0785/MID2,F0785/MID5
F0785/MID2,F0785/MID3
F0785/MID3,F0785/MID5
F0785/MID3,F0785/MID4
F0785/MID4,F0785/MID5
F0785/MID4,F0785/MID10
F0785/MID4,F0785/MID8
F0785/MID4,F0785/MID7
F0785/MID4,F0785/MID9
F0785/MID5,F0785/MID6
F0785/MID7,F0785/MID10
F0785/MID7,F0785/MID8
F0785/MID7,F0785/MID9
F0785/MID8,F0785/MID9
F0785/MID8,F0785/MID10
F0785/MID9,F0785/MID10
F0787/MID1,F0787/MID3
F0787/MID1,F0787/MID4
F0787/MID2,F0787/MID3
F0787/MID2,F0787/MID4
F0787/MID3,F0787/MID4
F0788/MID1,F0788/MID2
F0788/MID3,F0788/MID2
F0788/MID4,F0788/MID1
F0788/MID5,F0788/MID1
F0789/MID1,F0789/MID2
F0791/MID1,F0791/MID8
F0791/MID1,F0791/MID7
F0791/MID1,F0791/MID6
F0791/MID1,F0791/MID4
F0791/MID2,F0791/MID8
F0791/MID3,F0791/MID4
F0791/MID3,F0791/MID1
F0791/MID3,F0791/MID6
F0791/MID3,F0791/MID8
F0791/MID4,F0791/MID6
F0791/MID4,F0791/MID7
F0791/MID5,F0791/MID4
F0791/MID5,F0791/MID7
F0791/MID5,F0791/MID6
F0791/MID5,F0791/MID8
F0791/MID5,F0791/MID1
F0791/MID5,F0791/MID3
F0791/MID6,F0791/MID7
F0794/MID1,F0794/MID5
F0794/MID1,F0794/MID2
F0794/MID1,F0794/MID4
F0794/MID2,F0794/MID4
F0794/MID3,F0794/MID4
F0794/MID3,F0794/MID5
F0794/MID4,F0794/MID5
F0794/MID6,F0794/MID2
F0794/MID7,F0794/MID1
F0795/MID1,F0795/MID4
F0795/MID2,F0795/MID4
F0795/MID2,F0795/MID1
F0795/MID2,F0795/MID5
F0795/MID3,F0795/MID1
F0795/MID3,F0795/MID4
F0795/MID4,F0795/MID5
F0800/MID1,F0800/MID3
F0801/MID1,F0801/MID4
F0801/MID1,F0801/MID3
F0801/MID1,F0801/MID2
F0801/MID2,F0801/MID4
F0801/MID2,F0801/MID3
F0801/MID4,F0801/MID5
F0803/MID1,F0803/MID4
F0803/MID2,F0803/MID1
F0803/MID2,F0803/MID4
F0803/MID3,F0803/MID4
F0803/MID3,F0803/MID1
F0805/MID1,F0805/MID2
F0805/MID1,F0805/MID5
F0805/MID1,F0805/MID7
F0805/MID1,F0805/MID8
F0805/MID1,F0805/MID6
F0805/MID2,F0805/MID6
F0805/MID2,F0805/MID5
F0805/MID3,F0805/MID7
F0805/MID3,F0805/MID6
F0805/MID3,F0805/MID2
F0805/MID3,F0805/MID1
F0805/MID3,F0805/MID8
F0805/MID3,F0805/MID5
F0805/MID4,F0805/MID8
F0805/MID4,F0805/MID5
F0805/MID4,F0805/MID1
F0805/MID4,F0805/MID7
F0805/MID4,F0805/MID6
F0805/MID4,F0805/MID2
F0805/MID5,F0805/MID6
F0805/MID7,F0805/MID8
F0806/MID1,F0806/MID2
F0806/MID1,F0806/MID4
F0806/MID1,F0806/MID5
F0806/MID2,F0806/MID4
F0806/MID2,F0806/MID5
F0806/MID3,F0806/MID5
F0806/MID4,F0806/MID5
F0806/MID6,F0806/MID4
F0806/MID6,F0806/MID2
F0808/MID1,F0808/MID2
F0809/MID1,F0809/MID4
F0809/MID1,F0809/MID3
F0809/MID2,F0809/MID3
F0809/MID3,F0809/MID4
F0809/MID5,F0809/MID3
F0809/MID5,F0809/MID4
F0809/MID5,F0809/MID1
F0809/MID6,F0809/MID4
F0809/MID6,F0809/MID1
F0809/MID6,F0809/MID3
F0810/MID1,F0810/MID3
F0810/MID1,F0810/MID2
F0810/MID2,F0810/MID3
F0811/MID1,F0811/MID2
F0811/MID1,F0811/MID6
F0811/MID1,F0811/MID7
F0811/MID1,F0811/MID3
F0811/MID1,F0811/MID4
F0811/MID1,F0811/MID8
F0811/MID2,F0811/MID8
F0811/MID2,F0811/MID4
F0811/MID2,F0811/MID6
F0811/MID2,F0811/MID7
F0811/MID2,F0811/MID3
F0811/MID3,F0811/MID6
F0811/MID3,F0811/MID7
F0811/MID3,F0811/MID8
F0811/MID3,F0811/MID4
F0811/MID4,F0811/MID8
F0811/MID4,F0811/MID7
F0811/MID4,F0811/MID6
F0811/MID5,F0811/MID8
F0811/MID5,F0811/MID7
F0811/MID5,F0811/MID6
F0811/MID5,F0811/MID2
F0811/MID5,F0811/MID3
F0811/MID5,F0811/MID4
F0811/MID6,F0811/MID8
F0811/MID6,F0811/MID7
F0811/MID7,F0811/MID8
F0812/MID1,F0812/MID3
F0812/MID2,F0812/MID3
F0813/MID1,F0813/MID4
F0813/MID1,F0813/MID3
F0813/MID2,F0813/MID3
F0813/MID2,F0813/MID4
F0813/MID3,F0813/MID4
F0816/MID1,F0816/MID5
F0816/MID1,F0816/MID3
F0816/MID1,F0816/MID4
F0816/MID2,F0816/MID5
F0816/MID2,F0816/MID4
F0816/MID2,F0816/MID3
F0816/MID3,F0816/MID4
F0816/MID3,F0816/MID5
F0818/MID1,F0818/MID8
F0818/MID1,F0818/MID5
F0818/MID1,F0818/MID4
F0818/MID1,F0818/MID6
F0818/MID1,F0818/MID3
F0818/MID1,F0818/MID7
F0818/MID1,F0818/MID9
F0818/MID2,F0818/MID3
F0818/MID2,F0818/MID7
F0818/MID2,F0818/MID4
F0818/MID2,F0818/MID6
F0818/MID3,F0818/MID4
F0818/MID3,F0818/MID5
F0818/MID3,F0818/MID8
F0818/MID3,F0818/MID9
F0818/MID4,F0818/MID9
F0818/MID8,F0818/MID9
F0820/MID1,F0820/MID4
F0820/MID1,F0820/MID2
F0820/MID1,F0820/MID5
F0820/MID2,F0820/MID4
F0820/MID3,F0820/MID4
F0820/MID4,F0820/MID5
F0820/MID6,F0820/MID5
F0820/MID6,F0820/MID4
F0821/MID1,F0821/MID5
F0821/MID1,F0821/MID7
F0821/MID1,F0821/MID2
F0821/MID1,F0821/MID4
F0821/MID1,F0821/MID8
F0821/MID2,F0821/MID7
F0821/MID2,F0821/MID9
F0821/MID2,F0821/MID8
F0821/MID3,F0821/MID9
F0821/MID3,F0821/MID8
F0821/MID3,F0821/MID2
F0821/MID4,F0821/MID5
F0821/MID7,F0821/MID8
F0821/MID8,F0821/MID9
F0822/MID2,F0822/MID4
F0822/MID2,F0822/MID1
F0822/MID3,F0822/MID1
F0825/MID1,F0825/MID3
F0825/MID1,F0825/MID4
F0825/MID1,F0825/MID2
F0825/MID1,F0825/MID12
F0825/MID1,F0825/MID10
F0825/MID1,F0825/MID9
F0825/MID2,F0825/MID8
F0825/MID2,F0825/MID3
F0825/MID3,F0825/MID8
F0825/MID3,F0825/MID7
F0825/MID4,F0825/MID8
F0825/MID4,F0825/MID7
F0825/MID5,F0825/MID8
F0825/MID5,F0825/MID1
F0825/MID5,F0825/MID9
F0825/MID5,F0825/MID12
F0825/MID5,F0825/MID4
F0825/MID5,F0825/MID10
F0825/MID5,F0825/MID3
F0825/MID5,F0825/MID2
F0825/MID5,F0825/MID7
F0825/MID6,F0825/MID9
F0825/MID6,F0825/MID12
F0825/MID6,F0825/MID2
F0825/MID6,F0825/MID8
F0825/MID6,F0825/MID7
F0825/MID6,F0825/MID3
F0825/MID6,F0825/MID1
F0825/MID6,F0825/MID4
F0825/MID6,F0825/MID10
F0825/MID7,F0825/MID8
F0825/MID9,F0825/MID10
F0826/MID1,F0826/MID4
F0826/MID1,F0826/MID3
F0826/MID2,F0826/MID4
F0826/MID3,F0826/MID4
F0828/MID1,F0828/MID4
F0828/MID1,F0828/MID3
F0828/MID2,F0828/MID3
F0828/MID3,F0828/MID4
F0828/MID5,F0828/MID4
F0829/MID1,F0829/MID4
F0829/MID3,F0829/MID4
F0829/MID4,F0829/MID5
F0829/MID6,F0829/MID1
F0831/MID1,F0831/MID3
F0831/MID1,F0831/MID4
F0831/MID2,F0831/MID5
F0831/MID2,F0831/MID4
F0831/MID2,F0831/MID3
F0831/MID3,F0831/MID5
F0831/MID3,F0831/MID4
F0831/MID3,F0831/MID6
F0831/MID4,F0831/MID5
F0831/MID4,F0831/MID6
F0831/MID5,F0831/MID6
F0831/MID6,F0831/MID1
F0831/MID7,F0831/MID1
F0831/MID7,F0831/MID3
F0831/MID7,F0831/MID4
F0831/MID7,F0831/MID5
F0832/MID1,F0832/MID5
F0832/MID1,F0832/MID4
F0832/MID1,F0832/MID3
F0832/MID2,F0832/MID3
F0832/MID2,F0832/MID5
F0832/MID3,F0832/MID4
F0832/MID3,F0832/MID5
F0832/MID4,F0832/MID5
F0833/MID1,F0833/MID4
F0833/MID1,F0833/MID3
F0833/MID2,F0833/MID3
F0833/MID2,F0833/MID4
F0833/MID3,F0833/MID4
F0833/MID5,F0833/MID3
F0833/MID5,F0833/MID1
F0833/MID5,F0833/MID4
F0833/MID6,F0833/MID4
F0833/MID6,F0833/MID3
F0833/MID6,F0833/MID1
F0836/MID1,F0836/MID2
F0836/MID1,F0836/MID8
F0836/MID1,F0836/MID5
F0836/MID1,F0836/MID4
F0836/MID1,F0836/MID9
F0836/MID1,F0836/MID7
F0836/MID10,F0836/MID4
F0836/MID10,F0836/MID8
F0836/MID10,F0836/MID7
F0836/MID10,F0836/MID2
F0836/MID10,F0836/MID9
F0836/MID3,F0836/MID2
F0836/MID5,F0836/MID8
F0836/MID5,F0836/MID7
F0836/MID5,F0836/MID4
F0836/MID6,F0836/MID1
F0836/MID6,F0836/MID8
F0836/MID7,F0836/MID8
F0836/MID7,F0836/MID9
F0836/MID8,F0836/MID9
F0837/MID1,F0837/MID6
F0837/MID1,F0837/MID4
F0837/MID2,F0837/MID6
F0837/MID2,F0837/MID1
F0837/MID5,F0837/MID6
F0838/MID2,F0838/MID1
F0840/MID1,F0840/MID3
F0841/MID1,F0841/MID4
F0841/MID2,F0841/MID3
F0841/MID2,F0841/MID5
F0841/MID4,F0841/MID5
F0841/MID6,F0841/MID1
F0842/MID1,F0842/MID4
F0842/MID1,F0842/MID2
F0842/MID2,F0842/MID4
F0842/MID3,F0842/MID2
F0842/MID3,F0842/MID4
F0843/MID1,F0843/MID3
F0843/MID1,F0843/MID5
F0843/MID2,F0843/MID3
F0843/MID2,F0843/MID5
F0843/MID3,F0843/MID5
F0843/MID4,F0843/MID5
F0843/MID4,F0843/MID1
F0843/MID4,F0843/MID3
F0845/MID1,F0845/MID3
F0845/MID2,F0845/MID3
F0845/MID2,F0845/MID1
F0846/MID1,F0846/MID4
F0846/MID2,F0846/MID4
F0846/MID2,F0846/MID1
F0846/MID3,F0846/MID4
F0846/MID3,F0846/MID1
F0848/MID1,F0848/MID4
F0848/MID1,F0848/MID3
F0848/MID1,F0848/MID2
F0848/MID1,F0848/MID6
F0848/MID2,F0848/MID3
F0848/MID3,F0848/MID4
F0848/MID5,F0848/MID3
F0848/MID5,F0848/MID2
F0849/MID2,F0849/MID1
F0850/MID1,F0850/MID2
F0850/MID1,F0850/MID4
F0851/MID1,F0851/MID6
F0851/MID2,F0851/MID3
F0851/MID3,F0851/MID6
F0851/MID4,F0851/MID6
F0851/MID5,F0851/MID6
F0853/MID2,F0853/MID3
F0854/MID3,F0854/MID4
F0855/MID1,F0855/MID3
F0855/MID2,F0855/MID1
F0855/MID2,F0855/MID3
F0856/MID3,F0856/MID1
F0857/MID1,F0857/MID2
F0857/MID2,F0857/MID3
F0861/MID1,F0861/MID2
F0862/MID2,F0862/MID1
F0862/MID3,F0862/MID4
F0862/MID3,F0862/MID1
F0863/MID1,F0863/MID3
F0863/MID2,F0863/MID3
F0863/MID3,F0863/MID4
F0866/MID1,F0866/MID2
F0868/MID1,F0868/MID2
F0868/MID3,F0868/MID2
F0869/MID1,F0869/MID3
F0872/MID1,F0872/MID8
F0872/MID1,F0872/MID3
F0872/MID1,F0872/MID6
F0872/MID1,F0872/MID4
F0872/MID1,F0872/MID7
F0872/MID1,F0872/MID5
F0872/MID2,F0872/MID3
F0872/MID2,F0872/MID4
F0872/MID3,F0872/MID4
F0872/MID5,F0872/MID6
F0872/MID5,F0872/MID7
F0872/MID5,F0872/MID8
F0872/MID6,F0872/MID7
F0872/MID6,F0872/MID8
F0872/MID7,F0872/MID8
F0874/MID1,F0874/MID4
F0874/MID1,F0874/MID5
F0874/MID1,F0874/MID3
F0874/MID3,F0874/MID5
F0874/MID3,F0874/MID4
F0874/MID4,F0874/MID5
F0874/MID6,F0874/MID3
F0874/MID6,F0874/MID5
F0874/MID6,F0874/MID4
F0879/MID1,F0879/MID4
F0879/MID1,F0879/MID6
F0879/MID1,F0879/MID5
F0879/MID1,F0879/MID3
F0879/MID2,F0879/MID3
F0879/MID2,F0879/MID4
F0879/MID2,F0879/MID5
F0879/MID3,F0879/MID4
F0879/MID3,F0879/MID5
F0879/MID4,F0879/MID5
F0881/MID1,F0881/MID2
F0881/MID1,F0881/MID4
F0881/MID1,F0881/MID3
F0881/MID2,F0881/MID3
F0881/MID2,F0881/MID4
F0881/MID3,F0881/MID4
F0881/MID5,F0881/MID1
F0881/MID5,F0881/MID3
F0881/MID5,F0881/MID4
F0881/MID5,F0881/MID2
F0881/MID6,F0881/MID2
F0881/MID6,F0881/MID3
F0881/MID6,F0881/MID1
F0881/MID6,F0881/MID4
F0882/MID1,F0882/MID3
F0882/MID1,F0882/MID2
F0882/MID1,F0882/MID4
F0882/MID2,F0882/MID3
F0882/MID2,F0882/MID4
F0882/MID5,F0882/MID4
F0882/MID5,F0882/MID3
F0882/MID5,F0882/MID2
F0884/MID1,F0884/MID3
F0884/MID2,F0884/MID3
F0891/MID1,F0891/MID4
F0891/MID1,F0891/MID3
F0891/MID1,F0891/MID2
F0891/MID2,F0891/MID3
F0892/MID1,F0892/MID3
F0892/MID1,F0892/MID4
F0892/MID2,F0892/MID3
F0892/MID2,F0892/MID4
F0892/MID3,F0892/MID4
F0893/MID1,F0893/MID4
F0893/MID1,F0893/MID3
F0893/MID2,F0893/MID3
F0893/MID2,F0893/MID4
F0893/MID3,F0893/MID4
F0894/MID1,F0894/MID2
F0894/MID3,F0894/MID2
F0895/MID1,F0895/MID3
F0895/MID1,F0895/MID4
F0895/MID2,F0895/MID3
F0895/MID2,F0895/MID4
F0895/MID3,F0895/MID4
F0895/MID5,F0895/MID1
F0895/MID5,F0895/MID4
F0895/MID5,F0895/MID3
F0897/MID1,F0897/MID5
F0897/MID1,F0897/MID2
F0897/MID1,F0897/MID7
F0897/MID1,F0897/MID9
F0897/MID1,F0897/MID4
F0897/MID2,F0897/MID4
F0897/MID2,F0897/MID5
F0897/MID3,F0897/MID4
F0897/MID3,F0897/MID5
F0897/MID3,F0897/MID2
F0897/MID3,F0897/MID9
F0897/MID4,F0897/MID5
F0897/MID4,F0897/MID9
F0899/MID2,F0899/MID1
F0899/MID3,F0899/MID1
F0900/MID2,F0900/MID1
F0900/MID3,F0900/MID1
F0901/MID1,F0901/MID4
F0901/MID2,F0901/MID1
F0901/MID2,F0901/MID4
F0901/MID3,F0901/MID1
F0901/MID3,F0901/MID4
F0901/MID5,F0901/MID4
F0903/MID1,F0903/MID2
F0903/MID2,F0903/MID3
F0903/MID4,F0903/MID3
F0904/MID2,F0904/MID1
F0908/MID1,F0908/MID2
F0908/MID1,F0908/MID5
F0908/MID1,F0908/MID4
F0908/MID1,F0908/MID3
F0908/MID2,F0908/MID5
F0908/MID2,F0908/MID4
F0908/MID3,F0908/MID5
F0908/MID3,F0908/MID2
F0908/MID3,F0908/MID4
F0908/MID4,F0908/MID5
F0909/MID1,F0909/MID3
F0909/MID1,F0909/MID4
F0909/MID2,F0909/MID4
F0909/MID2,F0909/MID3
F0909/MID3,F0909/MID4
F0912/MID1,F0912/MID4
F0912/MID1,F0912/MID3
F0912/MID2,F0912/MID3
F0912/MID2,F0912/MID4
F0912/MID3,F0912/MID4
F0914/MID1,F0914/MID3
F0914/MID1,F0914/MID4
F0914/MID2,F0914/MID1
F0914/MID2,F0914/MID3
F0915/MID1,F0915/MID6
F0915/MID1,F0915/MID3
F0915/MID2,F0915/MID3
F0915/MID4,F0915/MID6
F0915/MID4,F0915/MID1
F0915/MID5,F0915/MID6
F0915/MID5,F0915/MID1
F0916/MID1,F0916/MID2
F0916/MID1,F0916/MID3
F0916/MID2,F0916/MID3
F0918/MID1,F0918/MID8
F0918/MID1,F0918/MID5
F0918/MID1,F0918/MID4
F0918/MID1,F0918/MID2
F0918/MID3,F0918/MID2
F0918/MID4,F0918/MID5
F0918/MID6,F0918/MID4
F0918/MID6,F0918/MID5
F0918/MID7,F0918/MID1
F0920/MID1,F0920/MID5
F0920/MID1,F0920/MID2
F0920/MID2,F0920/MID5
F0920/MID4,F0920/MID5
F0920/MID6,F0920/MID5
F0920/MID6,F0920/MID2
F0920/MID6,F0920/MID4
F0922/MID1,F0922/MID5
F0922/MID1,F0922/MID4
F0922/MID2,F0922/MID5
F0922/MID3,F0922/MID4
F0922/MID3,F0922/MID5
F0922/MID4,F0922/MID5
F0930/MID1,F0930/MID4
F0930/MID1,F0930/MID5
F0930/MID1,F0930/MID2
F0930/MID1,F0930/MID6
F0930/MID3,F0930/MID2
F0930/MID4,F0930/MID6
F0930/MID4,F0930/MID5
F0930/MID5,F0930/MID6
F0931/MID1,F0931/MID2
F0931/MID4,F0931/MID3
F0933/MID1,F0933/MID3
F0933/MID2,F0933/MID5
F0933/MID2,F0933/MID3
F0933/MID2,F0933/MID4
F0933/MID3,F0933/MID5
F0933/MID3,F0933/MID4
F0933/MID4,F0933/MID5
F0939/MID1,F0939/MID3
F0939/MID1,F0939/MID4
F0939/MID2,F0939/MID4
F0939/MID2,F0939/MID3
F0939/MID3,F0939/MID4
F0942/MID1,F0942/MID3
F0942/MID1,F0942/MID4
F0942/MID2,F0942/MID3
F0942/MID2,F0942/MID4
F0942/MID3,F0942/MID4
F0944/MID1,F0944/MID4
F0944/MID1,F0944/MID3
F0944/MID2,F0944/MID4
F0944/MID2,F0944/MID3
F0944/MID3,F0944/MID4
F0945/MID1,F0945/MID3
F0945/MID2,F0945/MID3
F0946/MID1,F0946/MID2
F0946/MID3,F0946/MID2
F0947/MID2,F0947/MID1
F0947/MID3,F0947/MID1
F0951/MID1,F0951/MID3
F0951/MID2,F0951/MID3
F0952/MID1,F0952/MID4
F0952/MID1,F0952/MID2
F0952/MID2,F0952/MID4
F0952/MID3,F0952/MID4
F0952/MID3,F0952/MID2
F0953/MID1,F0953/MID4
F0953/MID2,F0953/MID4
F0953/MID2,F0953/MID1
F0953/MID3,F0953/MID1
F0953/MID3,F0953/MID4
F0955/MID1,F0955/MID2
F0955/MID2,F0955/MID3
F0955/MID2,F0955/MID9
F0955/MID2,F0955/MID4
F0955/MID3,F0955/MID4
F0955/MID5,F0955/MID3
F0955/MID5,F0955/MID4
F0955/MID6,F0955/MID9
F0955/MID7,F0955/MID1
F0955/MID7,F0955/MID9
F0955/MID7,F0955/MID3
F0955/MID7,F0955/MID4
F0955/MID7,F0955/MID2
F0955/MID8,F0955/MID3
F0955/MID8,F0955/MID2
F0955/MID8,F0955/MID9
F0955/MID8,F0955/MID4
F0955/MID8,F0955/MID1
F0959/MID1,F0959/MID3
F0959/MID1,F0959/MID4
F0959/MID1,F0959/MID2
F0959/MID2,F0959/MID3
F0959/MID2,F0959/MID4
F0959/MID3,F0959/MID4
F0959/MID5,F0959/MID3
F0959/MID5,F0959/MID4
F0959/MID5,F0959/MID2
F0960/MID1,F0960/MID4
F0960/MID1,F0960/MID3
F0960/MID2,F0960/MID5
F0960/MID2,F0960/MID3
F0960/MID3,F0960/MID4
F0960/MID3,F0960/MID5
F0960/MID4,F0960/MID5
F0960/MID6,F0960/MID1
F0965/MID1,F0965/MID3
F0965/MID1,F0965/MID6
F0965/MID4,F0965/MID5
F0965/MID7,F0965/MID3
F0965/MID7,F0965/MID9
F0965/MID7,F0965/MID6
F0965/MID8,F0965/MID3
F0965/MID8,F0965/MID5
F0965/MID8,F0965/MID1
F0966/MID1,F0966/MID3
F0966/MID2,F0966/MID3
F0966/MID2,F0966/MID4
F0966/MID3,F0966/MID4
F0967/MID1,F0967/MID3
F0967/MID1,F0967/MID4
F0967/MID2,F0967/MID3
F0967/MID3,F0967/MID4
F0968/MID1,F0968/MID3
F0968/MID2,F0968/MID3
F0968/MID4,F0968/MID3
F0969/MID1,F0969/MID5
F0969/MID1,F0969/MID3
F0969/MID2,F0969/MID3
F0970/MID1,F0970/MID2
F0970/MID2,F0970/MID3
F0971/MID1,F0971/MID5
F0971/MID2,F0971/MID3
F0971/MID3,F0971/MID5
F0972/MID4,F0972/MID5
F0973/MID1,F0973/MID2
F0973/MID3,F0973/MID4
F0974/MID1,F0974/MID6
F0974/MID1,F0974/MID3
F0974/MID2,F0974/MID3
F0974/MID7,F0974/MID6
F0974/MID7,F0974/MID1
F0974/MID7,F0974/MID5
F0977/MID1,F0977/MID3
F0977/MID1,F0977/MID4
F0977/MID1,F0977/MID7
F0977/MID1,F0977/MID5
F0977/MID3,F0977/MID4
F0977/MID3,F0977/MID7
F0977/MID4,F0977/MID7
F0977/MID6,F0977/MID1
F0977/MID6,F0977/MID5
F0978/MID1,F0978/MID2
F0978/MID1,F0978/MID3
F0978/MID1,F0978/MID8
F0978/MID1,F0978/MID5
F0978/MID2,F0978/MID5
F0978/MID2,F0978/MID3
F0978/MID3,F0978/MID5
F0978/MID3,F0978/MID7
F0978/MID4,F0978/MID5
F0978/MID4,F0978/MID2
F0978/MID4,F0978/MID3
F0978/MID6,F0978/MID1
F0978/MID6,F0978/MID8
F0981/MID1,F0981/MID3
F0981/MID1,F0981/MID2
F0981/MID2,F0981/MID3
F0981/MID3,F0981/MID4
F0981/MID5,F0981/MID4
F0982/MID1,F0982/MID2
F0982/MID3,F0982/MID2
F0983/MID1,F0983/MID3
F0983/MID1,F0983/MID4
F0983/MID2,F0983/MID4
F0983/MID2,F0983/MID3
F0983/MID3,F0983/MID4
F0984/MID1,F0984/MID5
F0984/MID1,F0984/MID6
F0984/MID1,F0984/MID3
F0984/MID1,F0984/MID4
F0984/MID1,F0984/MID7
F0984/MID2,F0984/MID3
F0984/MID2,F0984/MID6
F0984/MID2,F0984/MID5
F0984/MID2,F0984/MID4
F0984/MID2,F0984/MID7
F0984/MID3,F0984/MID4
F0984/MID3,F0984/MID7
F0984/MID3,F0984/MID5
F0984/MID3,F0984/MID6
F0984/MID4,F0984/MID7
F0984/MID4,F0984/MID5
F0984/MID4,F0984/MID6
F0984/MID5,F0984/MID7
F0984/MID5,F0984/MID6
F0984/MID6,F0984/MID7
F0985/MID1,F0985/MID4
F0985/MID1,F0985/MID3
F0985/MID2,F0985/MID4
F0985/MID2,F0985/MID3
F0985/MID3,F0985/MID4
F0988/MID1,F0988/MID4
F0988/MID1,F0988/MID5
F0988/MID1,F0988/MID3
F0988/MID1,F0988/MID6
F0988/MID2,F0988/MID5
F0988/MID2,F0988/MID6
F0988/MID2,F0988/MID3
F0988/MID2,F0988/MID4
F0988/MID2,F0988/MID7
F0988/MID3,F0988/MID6
F0988/MID3,F0988/MID5
F0988/MID3,F0988/MID4
F0988/MID4,F0988/MID5
F0988/MID4,F0988/MID6
F0988/MID5,F0988/MID6
F0988/MID8,F0988/MID7
F0988/MID9,F0988/MID6
F0988/MID9,F0988/MID3
F0988/MID9,F0988/MID2
F0988/MID9,F0988/MID7
F0988/MID9,F0988/MID4
F0988/MID9,F0988/MID5
F0993/MID2,F0993/MID4
F0993/MID2,F0993/MID3
F0993/MID5,F0993/MID3
F0993/MID5,F0993/MID4
F0993/MID5,F0993/MID2
F0993/MID6,F0993/MID4
F0994/MID1,F0994/MID2
F0994/MID1,F0994/MID3
F0994/MID1,F0994/MID5
F0994/MID2,F0994/MID3
F0994/MID2,F0994/MID5
F0994/MID3,F0994/MID5
F0994/MID4,F0994/MID3
F0994/MID4,F0994/MID5
F0994/MID4,F0994/MID2
F0997/MID1,F0997/MID2
F0997/MID1,F0997/MID3
F0997/MID2,F0997/MID3
F0997/MID4,F0997/MID2
F0997/MID4,F0997/MID3
F0998/MID1,F0998/MID2
F0998/MID1,F0998/MID3
F0998/MID2,F0998/MID3
F0998/MID4,F0998/MID3
F0998/MID4,F0998/MID2
F0998/MID5,F0998/MID2
F0998/MID5,F0998/MID3
F0998/MID5,F0998/MID1
F0998/MID6,F0998/MID1
F0998/MID6,F0998/MID2
F0998/MID6,F0998/MID3
F1000/MID1,F1000/MID7
F1000/MID1,F1000/MID6
F1000/MID1,F1000/MID3
F1000/MID1,F1000/MID8
F1000/MID1,F1000/MID9
F1000/MID2,F1000/MID6
F1000/MID2,F1000/MID3
F1000/MID3,F1000/MID6
F1000/MID4,F1000/MID3
F1000/MID4,F1000/MID1
F1000/MID4,F1000/MID8
F1000/MID4,F1000/MID7
F1000/MID4,F1000/MID6
F1000/MID4,F1000/MID9
F1000/MID5,F1000/MID3
F1000/MID5,F1000/MID1
F1000/MID5,F1000/MID7
F1000/MID5,F1000/MID8
F1000/MID5,F1000/MID9
F1000/MID6,F1000/MID9
F1000/MID7,F1000/MID8
F1000/MID7,F1000/MID9
